building_id,metric,model_selected,MAE,CV(RMSE),cvrmse_seasonal_naive,delta_cvrmse_pct,med_ae
Bear_education_Alfredo,power_active_kw,ridge_regression,0.0566,51.83,63.47,-18.34,0.0468
Bear_education_Alvaro,power_active_kw,ridge_regression,18.992,6.49,10.87,-40.33,14.0056
Bear_education_Arnold,power_active_kw,ridge_regression,0.232,69.14,90.46,-23.56,0.1297
Bear_education_Augusta,power_active_kw,ridge_regression,18.6232,25.03,30.92,-19.02,12.5617
Bear_education_Austin,power_active_kw,ridge_regression,3.3196,35.69,41.54,-14.1,1.5392
Bear_education_Babara,power_active_kw,ridge_regression,16.4487,6.0,10.61,-43.49,13.8989
Bear_education_Benita,power_active_kw,ridge_regression,18.2819,4.3,7.2,-40.3,15.3711
Bear_education_Benjamin,power_active_kw,ridge_regression,0.3841,59.53,73.25,-18.73,0.3273
Bear_education_Bob,power_active_kw,ridge_regression,16.6653,19.65,24.36,-19.32,10.0123
Bear_education_Bonita,power_active_kw,seasonal_naive_168h,0.013,30.03,30.03,112.27,0.0403
Bear_education_Bulah,power_active_kw,ridge_regression,65.4181,5.9,8.38,-29.65,58.1279
Bear_education_Carlo,power_active_kw,ridge_regression,1.0322,42.81,59.62,-28.2,0.5122
Bear_education_Chad,power_active_kw,ridge_regression,40.9637,5.58,8.35,-33.17,32.4519
Bear_education_Chana,power_active_kw,ridge_regression,2.2798,15.14,20.28,-25.31,1.3573
Bear_education_Chun,power_active_kw,ridge_regression,10.362,17.47,26.69,-34.56,6.526
Bear_education_Clint,power_active_kw,ridge_regression,3.9081,10.15,12.04,-15.71,2.9637
Bear_education_Curtis,power_active_kw,ridge_regression,5.9402,13.35,16.87,-20.86,3.7972
Bear_education_Danna,power_active_kw,ridge_regression,17.3525,29.27,34.34,-14.76,8.7525
Bear_education_Darrell,power_active_kw,ridge_regression,6.464,36.94,44.54,-17.08,2.3356
Bear_education_Deborah,power_active_kw,ridge_regression,0.4947,132.94,158.9,-16.34,0.3358
Bear_education_Deena,power_active_kw,ridge_regression,1.2451,22.88,29.96,-23.63,0.8454
Bear_education_Derek,power_active_kw,ridge_regression,11.9579,14.28,28.11,-49.21,6.634
Bear_education_Destiny,power_active_kw,ridge_regression,12.7938,19.19,26.83,-28.49,9.0328
Bear_education_Elise,power_active_kw,ridge_regression,24.3138,21.91,30.92,-29.14,17.4984
Bear_education_Fannie,power_active_kw,ridge_regression,18.9279,7.17,14.74,-51.36,13.578
Bear_education_Gavin,power_active_kw,ridge_regression,4.7244,7.12,8.41,-15.27,3.9
Bear_education_Herb,power_active_kw,ridge_regression,1.6579,21.57,27.62,-21.91,0.8718
Bear_education_Herman,power_active_kw,ridge_regression,0.0698,42.97,58.05,-25.98,0.0482
Bear_education_Holly,power_active_kw,ridge_regression,0.2981,30.7,41.25,-25.57,0.1839
Bear_education_Irene,power_active_kw,ridge_regression,18.0024,33.12,40.42,-18.06,9.1459
Bear_education_Iris,power_active_kw,ridge_regression,6.9871,24.45,26.13,-6.42,4.3194
Bear_education_Katy,power_active_kw,ridge_regression,13.0265,14.81,22.35,-33.76,10.0574
Bear_education_Lashanda,power_active_kw,ridge_regression,11.1332,19.73,22.01,-10.35,6.8433
Bear_education_Laurette,power_active_kw,ridge_regression,1.8813,4.92,5.46,-9.93,1.4757
Bear_education_Leonel,power_active_kw,ridge_regression,20.405,27.91,37.47,-25.53,13.6839
Bear_education_Lewis,power_active_kw,ridge_regression,2.8583,22.86,25.77,-11.32,1.579
Bear_education_Lidia,power_active_kw,ridge_regression,2.0935,29.26,32.5,-9.96,1.3685
Bear_education_Lila,power_active_kw,ridge_regression,9.116,5.78,6.1,-5.29,7.8237
Bear_education_Liliana,power_active_kw,ridge_regression,17.1381,4.92,7.54,-34.8,13.0665
Bear_education_Lorie,power_active_kw,ridge_regression,17.244,5.78,9.46,-38.87,13.4379
Bear_education_Mara,power_active_kw,ridge_regression,12.0642,3.56,4.43,-19.67,8.1984
Bear_education_Marie,power_active_kw,ridge_regression,3.6711,31.42,33.45,-6.07,1.9708
Bear_education_Marsha,power_active_kw,ridge_regression,6.3579,13.06,16.1,-18.86,3.5562
Bear_education_Marta,power_active_kw,ridge_regression,7.9036,27.61,36.43,-24.21,5.2304
Bear_education_Maryjane,power_active_kw,ridge_regression,30.8164,12.3,22.64,-45.66,25.1828
Bear_education_Merrill,power_active_kw,ridge_regression,3.1773,24.72,25.88,-4.45,2.2218
Bear_education_Millie,power_active_kw,ridge_regression,0.306,14.51,17.51,-17.1,0.2262
Bear_education_Nanette,power_active_kw,ridge_regression,11.2821,14.77,24.33,-39.3,8.4172
Bear_education_Oscar,power_active_kw,ridge_regression,1.2964,20.49,23.28,-12.0,0.9055
Bear_education_Owen,power_active_kw,seasonal_naive_168h,14.916,19.74,19.74,1.51,8.053
Bear_education_Paola,power_active_kw,ridge_regression,19.8871,19.33,23.77,-18.64,11.5818
Bear_education_Patricia,power_active_kw,ridge_regression,23.7609,4.84,5.54,-12.69,20.3401
Bear_education_Pattie,power_active_kw,ridge_regression,9.7946,6.17,7.86,-21.61,8.4567
Bear_education_Rebecca,power_active_kw,ridge_regression,24.1297,4.38,6.85,-36.09,17.8261
Bear_education_Sandy,power_active_kw,ridge_regression,0.9005,17.19,20.41,-15.76,0.8148
Bear_education_Santos,power_active_kw,ridge_regression,2.9657,60.66,76.26,-20.46,1.1062
Bear_education_Sharon,power_active_kw,ridge_regression,5.4121,6.05,7.5,-19.25,4.169
Bear_education_Tara,power_active_kw,ridge_regression,0.6876,26.17,34.51,-24.18,0.576
Bear_education_Thuy,power_active_kw,ridge_regression,30.2354,18.98,24.23,-21.66,18.0904
Bear_education_Val,power_active_kw,seasonal_naive_168h,18.041,8.1,8.1,0.74,12.3727
Bear_education_Wade,power_active_kw,ridge_regression,8.0703,20.75,25.93,-20.0,4.4924
Bear_education_Wilton,power_active_kw,ridge_regression,117.8442,8.37,11.16,-24.95,111.1313
Bear_education_Wm,power_active_kw,ridge_regression,4.2036,13.99,17.41,-19.66,2.4142
Bear_education_Yuri,power_active_kw,ridge_regression,3.2843,39.17,44.51,-11.99,1.406
Bear_education_Yvette,power_active_kw,ridge_regression,2.5544,32.53,44.37,-26.69,1.8192
Bear_education_Zandra,power_active_kw,seasonal_naive_168h,12.594,1.88,1.88,49.37,18.3058
Bobcat_education_Alissa,cooling_kw,ridge_regression,4.9659,217.14,299.3,-27.45,1.5416
Bobcat_education_Alissa,power_active_kw,ridge_regression,9.4995,23.26,26.13,-10.98,7.1227
Bobcat_education_Angela,cooling_kw,ridge_regression,31.906,60.51,83.21,-27.28,25.0418
Bobcat_education_Angela,power_active_kw,ridge_regression,7.7371,13.7,16.95,-19.16,4.4872
Bobcat_education_Coleman,power_active_kw,ridge_regression,11.5513,17.14,21.15,-18.96,6.4633
Bobcat_education_Dylan,power_active_kw,ridge_regression,10.9032,12.59,16.13,-21.96,7.4678
Bobcat_education_Hollis,power_active_kw,ridge_regression,13.1991,16.11,21.21,-24.04,9.048
Bobcat_education_Jayne,power_active_kw,ridge_regression,9.3963,24.25,29.13,-16.75,4.7578
Bobcat_education_Karin,power_active_kw,seasonal_naive_168h,10.0151,30.9,30.9,10.43,5.622
Bobcat_education_Marisha,power_active_kw,ridge_regression,13.652,25.57,31.53,-18.88,9.7911
Bobcat_education_Miki,cooling_kw,ridge_regression,48.5172,158.1,223.96,-29.41,19.9476
Bobcat_education_Miki,power_active_kw,seasonal_naive_168h,1.6198,29.75,29.75,195.48,5.5529
Bobcat_education_Monte,power_active_kw,ridge_regression,3.2005,21.72,24.72,-12.14,1.9318
Bobcat_education_Rosalva,cooling_kw,ridge_regression,27.5194,67.7,85.4,-20.73,18.8679
Bobcat_education_Rosalva,power_active_kw,ridge_regression,7.652,16.44,22.02,-25.36,4.0548
Bobcat_education_Toni,power_active_kw,ridge_regression,2.438,17.06,21.89,-22.04,1.3874
Bobcat_education_Whitney,power_active_kw,ridge_regression,51.649,23.34,27.09,-13.85,35.0064
Bobcat_office_Alma,power_active_kw,ridge_regression,0.9431,39.09,49.01,-20.25,0.7188
Bobcat_office_Justine,power_active_kw,ridge_regression,6.0511,34.02,40.76,-16.52,4.3685
Bobcat_office_Kassandra,power_active_kw,seasonal_naive_168h,9.173,20.35,20.35,15.7,7.9438
Bobcat_office_Melody,power_active_kw,ridge_regression,4.0297,11.34,16.55,-31.5,2.8523
Bobcat_office_Nikita,power_active_kw,ridge_regression,3.8412,18.13,19.37,-6.41,2.8469
Bull_education_Annette,cooling_kw,ridge_regression,66.5988,62.63,126.42,-50.46,54.4924
Bull_education_Annette,power_active_kw,ridge_regression,55.9658,170.69,234.44,-27.19,33.6019
Bull_education_Antonia,cooling_kw,ridge_regression,111.1211,50.18,78.67,-36.22,65.2226
Bull_education_Antonia,power_active_kw,ridge_regression,87.0719,35.78,50.54,-29.21,35.9895
Bull_education_Arthur,cooling_kw,ridge_regression,62.4044,42.55,79.89,-46.74,46.2656
Bull_education_Arthur,power_active_kw,ridge_regression,38.8754,24.4,36.22,-32.65,14.3592
Bull_education_Barry,cooling_kw,ridge_regression,252.7736,175.84,257.47,-31.7,121.0845
Bull_education_Barry,power_active_kw,ridge_regression,65.3392,24.63,35.8,-31.19,11.4765
Bull_education_Bernice,cooling_kw,ridge_regression,121.3511,140.42,250.95,-44.05,63.3827
Bull_education_Bernice,power_active_kw,ridge_regression,58.1332,99.01,148.97,-33.54,11.1478
Bull_education_Brady,power_active_kw,ridge_regression,6.1102,34.58,42.4,-18.46,2.9908
Bull_education_Brain,cooling_kw,ridge_regression,123.6593,75.54,128.53,-41.23,82.2905
Bull_education_Brain,power_active_kw,ridge_regression,41.6731,27.78,37.92,-26.74,14.4646
Bull_education_Brandi,power_active_kw,ridge_regression,5.4373,29.73,39.96,-25.6,3.2492
Bull_education_Brenda,cooling_kw,ridge_regression,73.5359,108.9,162.64,-33.04,43.9629
Bull_education_Brenda,power_active_kw,ridge_regression,19.5507,25.53,37.42,-31.75,11.2958
Bull_education_Bryon,cooling_kw,ridge_regression,12.27,119.99,203.74,-41.11,7.709
Bull_education_Bryon,power_active_kw,ridge_regression,5.2035,27.13,35.11,-22.72,2.8342
Bull_education_Carl,cooling_kw,ridge_regression,211.5196,122.14,176.38,-30.75,137.2672
Bull_education_Carl,power_active_kw,ridge_regression,57.8486,23.98,35.66,-32.74,27.4946
Bull_education_Clarice,power_active_kw,ridge_regression,3.7291,22.58,33.99,-33.58,1.9095
Bull_education_Clarita,cooling_kw,ridge_regression,118.2023,125.91,178.12,-29.31,62.7643
Bull_education_Clarita,power_active_kw,ridge_regression,34.1336,25.39,35.88,-29.22,13.0945
Bull_education_Dakota,power_active_kw,ridge_regression,9.7963,33.47,43.09,-22.32,4.596
Bull_education_Dan,cooling_kw,ridge_regression,65.6785,43.68,86.31,-49.39,42.7624
Bull_education_Dan,power_active_kw,ridge_regression,20.3546,25.18,35.95,-29.97,9.6173
Bull_education_Dania,cooling_kw,ridge_regression,19.4956,60.55,125.56,-51.78,12.9908
Bull_education_Dania,power_active_kw,ridge_regression,4.9898,25.83,34.05,-24.14,2.4448
Bull_education_Delia,cooling_kw,ridge_regression,742.107,157.9,244.5,-35.42,382.5629
Bull_education_Delia,power_active_kw,ridge_regression,191.2544,166.42,235.76,-29.41,93.5666
Bull_education_Dora,cooling_kw,ridge_regression,62.0327,122.03,180.36,-32.34,34.0162
Bull_education_Dora,power_active_kw,ridge_regression,19.7269,30.73,42.76,-28.14,9.8347
Bull_education_Dottie,cooling_kw,ridge_regression,1358.6288,210.47,241.76,-12.94,1065.109
Bull_education_Dottie,power_active_kw,ridge_regression,608.1172,178.0,236.33,-24.68,456.3334
Bull_education_Elva,cooling_kw,ridge_regression,20.5036,27.2,60.95,-55.38,16.2064
Bull_education_Elva,power_active_kw,ridge_regression,6.185,22.36,32.36,-30.89,2.4801
Bull_education_Fabiola,cooling_kw,ridge_regression,74.4345,128.94,197.63,-34.76,41.9362
Bull_education_Fabiola,power_active_kw,ridge_regression,28.3279,29.42,38.74,-24.07,11.4431
Bull_education_Geneva,cooling_kw,ridge_regression,20.4334,112.13,189.72,-40.9,12.1331
Bull_education_Geneva,power_active_kw,ridge_regression,7.4041,41.67,58.1,-28.28,5.2698
Bull_education_Genie,cooling_kw,ridge_regression,64.684,100.08,164.55,-39.18,37.7588
Bull_education_Genie,power_active_kw,ridge_regression,18.6023,28.97,37.85,-23.46,6.5697
Bull_education_Gregory,cooling_kw,ridge_regression,21.3641,25.36,51.01,-50.29,16.528
Bull_education_Gregory,power_active_kw,ridge_regression,9.3341,29.21,37.28,-21.67,4.2974
Bull_education_Hayley,cooling_kw,ridge_regression,66.3473,160.5,250.48,-35.92,36.4561
Bull_education_Hayley,power_active_kw,ridge_regression,18.2718,25.16,35.6,-29.31,6.6991
Bull_education_Jae,cooling_kw,ridge_regression,167.1402,172.51,260.65,-33.81,86.9365
Bull_education_Jae,power_active_kw,ridge_regression,42.5867,24.14,36.19,-33.29,12.6654
Bull_education_Jeffery,power_active_kw,ridge_regression,81.0738,89.3,134.7,-33.71,23.549
Bull_education_Joseph,cooling_kw,ridge_regression,58.2933,45.7,78.42,-41.73,37.936
Bull_education_Joseph,power_active_kw,ridge_regression,16.1327,27.01,34.59,-21.91,5.8886
Bull_education_Juan,cooling_kw,ridge_regression,127.7499,68.49,122.42,-44.05,93.494
Bull_education_Juan,power_active_kw,ridge_regression,36.69,29.53,40.77,-27.57,18.8502
Bull_education_Kendra,cooling_kw,ridge_regression,189.3931,62.0,101.94,-39.18,136.1658
Bull_education_Kendra,power_active_kw,ridge_regression,62.4677,25.15,37.44,-32.83,26.5972
Bull_education_Krista,cooling_kw,ridge_regression,103.5231,86.81,128.21,-32.29,67.351
Bull_education_Krista,power_active_kw,ridge_regression,37.0643,27.39,37.12,-26.21,16.7575
Bull_education_Kristal,cooling_kw,ridge_regression,182.5404,65.17,150.42,-56.67,139.5323
Bull_education_Kristal,power_active_kw,ridge_regression,35.4309,24.7,35.11,-29.65,12.3503
Bull_education_Lenny,cooling_kw,ridge_regression,17.3729,63.44,112.91,-43.81,12.8762
Bull_education_Lenny,power_active_kw,ridge_regression,3.884,22.03,35.63,-38.16,2.0128
Bull_education_Linnie,cooling_kw,ridge_regression,116.7612,76.29,126.51,-39.69,82.6004
Bull_education_Linnie,power_active_kw,ridge_regression,37.0343,33.16,45.54,-27.19,19.5879
Bull_education_Luke,cooling_kw,ridge_regression,104.9715,36.01,73.19,-50.79,78.1924
Bull_education_Luke,power_active_kw,ridge_regression,46.9608,28.9,40.03,-27.82,25.4573
Bull_education_Lydia,cooling_kw,ridge_regression,39.6619,39.48,63.35,-37.68,27.065
Bull_education_Lydia,power_active_kw,ridge_regression,13.7514,25.93,35.18,-26.3,6.1567
Bull_education_Lyn,cooling_kw,ridge_regression,11.0006,95.6,165.89,-42.37,7.297
Bull_education_Lyn,power_active_kw,ridge_regression,4.7935,33.24,45.24,-26.52,2.8294
Bull_education_Magaret,cooling_kw,ridge_regression,46.0713,142.68,230.56,-38.12,31.2894
Bull_education_Magaret,power_active_kw,ridge_regression,16.1566,32.04,46.82,-31.56,11.2577
Bull_education_Mario,cooling_kw,ridge_regression,47.5874,146.11,228.59,-36.08,27.2541
Bull_education_Mario,power_active_kw,ridge_regression,18.9833,33.07,41.87,-21.01,8.8144
Bull_education_Matilda,cooling_kw,ridge_regression,66.5046,70.03,123.84,-43.45,41.4005
Bull_education_Matilda,power_active_kw,ridge_regression,20.8611,84.1,121.42,-30.73,10.8546
Bull_education_Mervin,cooling_kw,ridge_regression,76.2155,74.89,139.86,-46.45,53.3452
Bull_education_Mervin,power_active_kw,ridge_regression,25.2392,25.96,37.24,-30.29,14.7485
Bull_education_Miquel,cooling_kw,ridge_regression,100.6488,87.23,154.32,-43.48,57.7713
Bull_education_Miquel,power_active_kw,ridge_regression,40.6577,30.9,40.51,-23.73,15.9783
Bull_education_Miranda,cooling_kw,ridge_regression,10.4905,42.75,78.08,-45.25,7.538
Bull_education_Miranda,power_active_kw,ridge_regression,20.8699,27.37,39.05,-29.9,11.4555
Bull_education_Myra,cooling_kw,ridge_regression,27.3575,132.83,218.54,-39.22,19.2633
Bull_education_Myra,power_active_kw,ridge_regression,10.1478,32.64,48.6,-32.85,5.5043
Bull_education_Nichole,cooling_kw,ridge_regression,59.9915,54.54,102.39,-46.73,45.4768
Bull_education_Nichole,power_active_kw,ridge_regression,25.5352,27.03,35.4,-23.67,9.7382
Bull_education_Nina,cooling_kw,ridge_regression,113.0633,66.06,139.72,-52.72,72.8405
Bull_education_Nina,power_active_kw,ridge_regression,23.7242,24.31,36.32,-33.06,7.462
Bull_education_Nolan,power_active_kw,ridge_regression,8.1601,23.78,33.01,-27.97,4.7181
Bull_education_Olive,cooling_kw,ridge_regression,20.94,82.74,128.93,-35.83,15.2543
Bull_education_Olive,power_active_kw,ridge_regression,15.7778,32.97,42.7,-22.78,9.179
Bull_education_Pablo,cooling_kw,ridge_regression,15.8252,60.06,102.18,-41.23,10.1693
Bull_education_Pablo,power_active_kw,ridge_regression,6.7749,29.77,39.62,-24.86,3.1415
Bull_education_Pamela,cooling_kw,ridge_regression,73.2156,69.09,113.11,-38.92,48.669
Bull_education_Pamela,power_active_kw,ridge_regression,20.6165,25.62,35.54,-27.9,8.4029
Bull_education_Patrina,cooling_kw,ridge_regression,17.9582,81.07,155.43,-47.84,10.5904
Bull_education_Patrina,power_active_kw,ridge_regression,4.4258,32.02,49.24,-34.97,3.0232
Bull_education_Racheal,cooling_kw,ridge_regression,189.0211,65.5,123.52,-46.98,134.033
Bull_education_Racheal,power_active_kw,ridge_regression,58.6016,25.69,35.89,-28.4,16.5088
Bull_education_Reina,cooling_kw,ridge_regression,31.264,25.17,46.73,-46.13,19.163
Bull_education_Reina,power_active_kw,ridge_regression,12.2986,26.9,39.64,-32.15,5.8742
Bull_education_Reynaldo,cooling_kw,ridge_regression,13.3988,30.94,67.99,-54.49,10.1749
Bull_education_Reynaldo,power_active_kw,ridge_regression,5.6411,25.09,37.46,-33.03,3.3014
Bull_education_Roland,cooling_kw,ridge_regression,101.1841,170.99,270.43,-36.77,42.7519
Bull_education_Roland,power_active_kw,ridge_regression,32.7577,29.79,40.63,-26.69,13.1864
Bull_education_Roseann,cooling_kw,ridge_regression,141.1066,127.33,226.03,-43.66,78.3104
Bull_education_Roseann,power_active_kw,ridge_regression,26.0846,25.55,36.67,-30.32,12.1534
Bull_education_Sebastian,cooling_kw,ridge_regression,19.788,28.16,62.23,-54.75,14.9531
Bull_education_Sebastian,power_active_kw,ridge_regression,5.9345,28.32,38.35,-26.15,2.6936
Bull_education_Shona,power_active_kw,ridge_regression,15.3101,28.05,43.62,-35.69,2.3213
Bull_education_Stewart,cooling_kw,ridge_regression,84.0864,73.44,117.34,-37.41,67.3061
Bull_education_Stewart,power_active_kw,ridge_regression,12.9576,25.19,36.59,-31.16,6.9996
Bull_education_Summer,power_active_kw,ridge_regression,3.7848,21.0,30.71,-31.64,2.244
Bull_education_Tracey,cooling_kw,ridge_regression,85.1364,131.62,194.95,-32.48,50.6879
Bull_education_Tracey,power_active_kw,ridge_regression,35.9889,33.36,38.1,-12.43,24.982
Bull_education_Venita,cooling_kw,ridge_regression,12.2158,100.51,168.21,-40.25,7.1392
Bull_education_Venita,power_active_kw,ridge_regression,5.6524,27.94,36.47,-23.39,3.5637
Bull_education_Violeta,cooling_kw,ridge_regression,52.4995,134.47,200.78,-33.03,30.4642
Bull_education_Violeta,power_active_kw,ridge_regression,15.065,28.6,38.21,-25.15,7.3829
Bull_office_Anne,cooling_kw,ridge_regression,7.1401,19.27,37.71,-48.9,3.5091
Bull_office_Anne,power_active_kw,ridge_regression,2.1251,24.18,34.71,-30.33,0.7612
Bull_office_Chantel,cooling_kw,ridge_regression,45.9597,27.08,62.15,-56.44,37.9462
Bull_office_Chantel,power_active_kw,ridge_regression,26.1698,28.49,40.1,-28.95,14.75
Bull_office_Claudia,power_active_kw,ridge_regression,3.0408,21.83,33.16,-34.16,1.2667
Bull_office_Debbie,cooling_kw,ridge_regression,26.9647,63.71,122.44,-47.97,22.2787
Bull_office_Debbie,power_active_kw,ridge_regression,5.2087,32.0,40.97,-21.9,2.4056
Bull_office_Efren,cooling_kw,ridge_regression,45.8083,88.02,159.98,-44.98,22.0014
Bull_office_Efren,power_active_kw,ridge_regression,13.5979,140.57,185.21,-24.1,6.5955
Bull_office_Ella,power_active_kw,ridge_regression,14.3364,94.34,139.65,-32.44,4.6462
Bull_office_Hilton,power_active_kw,ridge_regression,0.8466,23.1,35.03,-34.06,0.4377
Bull_office_Ivette,power_active_kw,ridge_regression,3.8459,31.31,39.47,-20.67,2.7326
Bull_office_Lilla,cooling_kw,ridge_regression,75.4536,27.63,46.52,-40.61,56.6188
Bull_office_Lilla,power_active_kw,ridge_regression,49.192,25.86,36.4,-28.97,17.2637
Bull_office_Mai,cooling_kw,ridge_regression,1.4575,61.11,82.35,-25.8,0.799
Bull_office_Marco,power_active_kw,ridge_regression,9.2175,77.05,119.42,-35.48,5.3591
Bull_office_Myron,cooling_kw,ridge_regression,53.8278,198.11,289.56,-31.58,29.4351
Bull_office_Myron,power_active_kw,ridge_regression,7.6894,24.05,36.24,-33.65,3.8934
Bull_office_Nicolas,power_active_kw,ridge_regression,2.6927,27.35,35.5,-22.96,1.3549
Bull_office_Rob,cooling_kw,ridge_regression,99.926,65.55,114.26,-42.63,66.0988
Bull_office_Rob,power_active_kw,ridge_regression,34.7833,28.84,38.14,-24.38,12.3326
Bull_office_Sally,cooling_kw,ridge_regression,55.5623,107.42,161.82,-33.62,42.8461
Bull_office_Sally,power_active_kw,ridge_regression,23.3228,153.38,218.25,-29.72,8.9058
Bull_office_Trevor,cooling_kw,ridge_regression,14.0273,28.08,57.96,-51.55,10.2765
Bull_office_Trevor,power_active_kw,ridge_regression,8.1555,71.78,101.92,-29.57,1.9394
Bull_office_Yvonne,cooling_kw,ridge_regression,85.4351,152.39,233.75,-34.8,54.1558
Bull_office_Yvonne,power_active_kw,ridge_regression,21.7333,30.23,38.78,-22.05,5.8247
Cockatoo_education_Amira,power_active_kw,ridge_regression,5.0798,20.11,24.63,-18.34,3.2474
Cockatoo_education_Arlen,power_active_kw,ridge_regression,10.9863,25.92,28.95,-10.48,9.561
Cockatoo_education_Brendan,cooling_kw,ridge_regression,0.368,468.88,844.55,-44.48,0.3128
Cockatoo_education_Brendan,power_active_kw,ridge_regression,4.0572,8.21,10.03,-18.21,3.0497
Cockatoo_education_Brigitte,cooling_kw,ridge_regression,5.5306,62.17,120.15,-48.25,4.2279
Cockatoo_education_Brigitte,power_active_kw,ridge_regression,25.0811,5.03,5.81,-13.52,18.6393
Cockatoo_education_Charity,cooling_kw,ridge_regression,2.2543,33.61,54.94,-38.82,1.966
Cockatoo_education_Charity,power_active_kw,ridge_regression,10.3924,5.41,7.21,-24.99,7.802
Cockatoo_education_Christi,cooling_kw,ridge_regression,1.1887,71.81,116.42,-38.32,0.6448
Cockatoo_education_Claudine,power_active_kw,ridge_regression,2.2052,7.56,9.81,-22.98,1.5866
Cockatoo_education_Clifton,cooling_kw,ridge_regression,3.1606,128.74,247.01,-47.88,2.3056
Cockatoo_education_Clifton,power_active_kw,ridge_regression,0.055,5.64,7.27,-22.42,0.0403
Cockatoo_education_Collin,power_active_kw,ridge_regression,11.5791,6.37,7.8,-18.25,9.3815
Cockatoo_education_Deloris,power_active_kw,ridge_regression,4.1825,7.2,9.41,-23.53,3.3483
Cockatoo_education_Doreen,power_active_kw,ridge_regression,6.7474,11.13,15.21,-26.86,4.6979
Cockatoo_education_Erik,cooling_kw,ridge_regression,10.5926,152.84,272.66,-43.94,5.2206
Cockatoo_education_Erik,power_active_kw,ridge_regression,6.969,5.66,7.4,-23.49,5.6473
Cockatoo_education_Eunice,cooling_kw,ridge_regression,21.0684,113.89,180.74,-36.98,16.6356
Cockatoo_education_Eunice,power_active_kw,ridge_regression,30.0554,8.9,9.34,-4.8,26.049
Cockatoo_education_Flora,cooling_kw,ridge_regression,0.4997,317.79,720.33,-55.88,0.4247
Cockatoo_education_Flora,power_active_kw,ridge_regression,26.5048,4.09,4.62,-11.48,21.7773
Cockatoo_education_Gussie,power_active_kw,ridge_regression,11.1699,5.23,6.84,-23.46,7.8031
Cockatoo_education_Helene,cooling_kw,ridge_regression,27.449,78.13,97.53,-19.89,26.6011
Cockatoo_education_Helene,power_active_kw,seasonal_naive_168h,5.2209,7.54,7.54,14.44,5.3052
Cockatoo_education_Jack,power_active_kw,ridge_regression,1.0617,24.49,32.18,-23.89,0.6813
Cockatoo_education_Janet,cooling_kw,ridge_regression,45.153,124.37,205.93,-39.6,27.7786
Cockatoo_education_Janet,power_active_kw,seasonal_naive_168h,29.9694,5.08,5.08,6.82,33.3538
Cockatoo_education_Joeann,power_active_kw,ridge_regression,43.8555,16.66,21.31,-21.85,27.8758
Cockatoo_education_Joel,power_active_kw,ridge_regression,0.3926,9.76,17.11,-42.94,0.2833
Cockatoo_education_Jon,cooling_kw,ridge_regression,13.9445,65.2,104.1,-37.36,13.1396
Cockatoo_education_Jon,power_active_kw,ridge_regression,13.1132,19.13,25.43,-24.8,7.5378
Cockatoo_education_Julia,power_active_kw,ridge_regression,4.0962,15.52,21.22,-26.88,3.0891
Cockatoo_education_Julio,power_active_kw,ridge_regression,10.7115,7.7,8.83,-12.79,8.8066
Cockatoo_education_June,cooling_kw,ridge_regression,12.438,162.11,285.46,-43.21,5.673
Cockatoo_education_June,power_active_kw,ridge_regression,5.0637,7.56,9.08,-16.76,3.5665
Cockatoo_education_Latrice,cooling_kw,ridge_regression,9.4851,249.32,404.48,-38.36,3.421
Cockatoo_education_Laurence,cooling_kw,ridge_regression,35.3733,69.09,86.64,-20.26,34.0067
Cockatoo_education_Laurence,power_active_kw,ridge_regression,19.0063,36.47,48.13,-24.22,13.2467
Cockatoo_education_Lionel,cooling_kw,ridge_regression,4.696,163.39,330.52,-50.57,1.117
Cockatoo_education_Lionel,power_active_kw,ridge_regression,10.5334,4.52,5.92,-23.64,7.3236
Cockatoo_education_Magdalena,cooling_kw,ridge_regression,1.7408,102.91,225.1,-54.28,0.092
Cockatoo_education_Magdalena,power_active_kw,ridge_regression,4.1979,30.36,34.31,-11.5,3.8461
Cockatoo_education_Marva,power_active_kw,ridge_regression,18.2689,18.53,21.66,-14.42,11.0865
Cockatoo_education_Maynard,power_active_kw,ridge_regression,4.9236,33.08,43.42,-23.83,3.8896
Cockatoo_education_Mayra,cooling_kw,ridge_regression,7.9134,49.0,67.05,-26.93,6.4571
Cockatoo_education_Mayra,power_active_kw,ridge_regression,9.9379,17.41,25.15,-30.77,7.5103
Cockatoo_education_Melanie,power_active_kw,ridge_regression,3.4643,17.89,23.21,-22.93,2.5143
Cockatoo_education_Minh,cooling_kw,ridge_regression,0.583,65.29,66.32,-1.57,0.434
Cockatoo_education_Minh,power_active_kw,ridge_regression,4.195,12.19,17.38,-29.82,3.3376
Cockatoo_education_Nelda,cooling_kw,ridge_regression,17.0953,12.32,13.53,-8.93,14.2126
Cockatoo_education_Nelda,power_active_kw,ridge_regression,6.3143,8.06,8.4,-4.05,4.5811
Cockatoo_education_Oliver,power_active_kw,ridge_regression,12.7521,12.94,13.66,-5.27,7.4681
Cockatoo_education_Orlando,cooling_kw,ridge_regression,3.9975,17.67,27.15,-34.92,3.2488
Cockatoo_education_Orlando,power_active_kw,ridge_regression,16.1156,9.68,12.22,-20.77,9.4553
Cockatoo_education_Priscilla,cooling_kw,ridge_regression,6.6839,20.92,24.83,-15.74,5.8308
Cockatoo_education_Rita,cooling_kw,ridge_regression,2.3775,119.14,209.98,-43.26,1.9629
Cockatoo_education_Rita,power_active_kw,ridge_regression,1.569,20.52,24.37,-15.78,0.889
Cockatoo_education_Shawn,power_active_kw,ridge_regression,10.6891,10.86,14.69,-26.11,8.8351
Cockatoo_education_Sheryl,power_active_kw,seasonal_naive_168h,14.4861,5.33,5.33,4.51,11.3796
Cockatoo_education_Terrence,cooling_kw,ridge_regression,29.8723,79.2,116.74,-32.16,29.4004
Cockatoo_education_Terrence,power_active_kw,ridge_regression,17.5394,5.49,6.6,-16.76,13.1501
Cockatoo_education_Tyler,power_active_kw,seasonal_naive_168h,17.1724,3.28,3.28,1.79,13.1033
Cockatoo_education_Victoria,power_active_kw,ridge_regression,0.5046,13.77,21.06,-34.58,0.3683
Cockatoo_office_Ada,power_active_kw,ridge_regression,12.654,4.55,5.61,-18.81,8.8811
Cockatoo_office_Alton,cooling_kw,ridge_regression,6.675,23.47,54.17,-56.68,5.6329
Cockatoo_office_Alton,power_active_kw,ridge_regression,9.2119,12.76,15.86,-19.54,7.0631
Cockatoo_office_Christy,power_active_kw,ridge_regression,11.6966,8.0,10.83,-26.17,8.6935
Cockatoo_office_Delores,cooling_kw,ridge_regression,2.3973,103.81,133.12,-22.02,1.847
Cockatoo_office_Delores,power_active_kw,ridge_regression,5.4499,10.52,12.52,-15.94,3.8573
Cockatoo_office_Elbert,cooling_kw,ridge_regression,1.3166,187.53,350.44,-46.49,1.0459
Cockatoo_office_Elbert,power_active_kw,ridge_regression,2.2975,11.83,14.92,-20.69,1.6448
Cockatoo_office_Gail,cooling_kw,ridge_regression,7.851,34.75,61.51,-43.5,6.9261
Cockatoo_office_Gail,power_active_kw,ridge_regression,3.2433,22.65,26.94,-15.91,2.3055
Cockatoo_office_Georgia,cooling_kw,ridge_regression,2.5706,21.58,27.69,-22.08,2.0037
Cockatoo_office_Georgia,power_active_kw,ridge_regression,15.7179,9.46,12.29,-22.99,9.991
Cockatoo_office_Giovanni,cooling_kw,ridge_regression,7.1776,40.21,83.93,-52.09,5.1339
Cockatoo_office_Giovanni,power_active_kw,seasonal_naive_168h,7.8366,10.67,10.67,17.22,8.2836
Cockatoo_office_Jimmy,cooling_kw,ridge_regression,2.2315,102.68,109.68,-6.39,1.9185
Cockatoo_office_Jimmy,power_active_kw,seasonal_naive_168h,1.4181,24.63,24.63,6.26,1.1707
Cockatoo_office_Jodie,cooling_kw,ridge_regression,0.0651,58.32,64.62,-9.76,0.0231
Cockatoo_office_Jodie,power_active_kw,ridge_regression,5.4852,11.81,18.81,-37.24,4.574
Cockatoo_office_Kristin,cooling_kw,ridge_regression,11.0266,82.87,112.94,-26.63,10.7207
Cockatoo_office_Kristin,power_active_kw,ridge_regression,5.388,6.53,7.62,-14.29,3.9247
Cockatoo_office_Laila,cooling_kw,ridge_regression,11.72,35.17,78.99,-55.48,9.554
Cockatoo_office_Laila,power_active_kw,ridge_regression,9.0597,5.38,7.26,-25.93,7.1633
Cockatoo_office_Lorraine,cooling_kw,ridge_regression,6.9929,27.53,48.36,-43.06,5.5545
Cockatoo_office_Lorraine,power_active_kw,ridge_regression,1.0867,23.48,33.23,-29.32,0.7648
Cockatoo_office_Margaret,power_active_kw,ridge_regression,0.3767,14.39,19.72,-27.03,0.2908
Cockatoo_office_Nola,cooling_kw,ridge_regression,3.6341,41.15,48.9,-15.86,3.2174
Cockatoo_office_Paige,cooling_kw,ridge_regression,1.8944,56.15,66.78,-15.91,1.7158
Cockatoo_office_Paige,power_active_kw,ridge_regression,8.818,12.12,14.89,-18.57,6.4111
Cockatoo_office_Pansy,cooling_kw,ridge_regression,4.5983,111.42,180.28,-38.2,3.4031
Cockatoo_office_Pansy,power_active_kw,ridge_regression,5.0971,20.28,22.99,-11.8,2.4947
Cockatoo_office_Rodney,cooling_kw,ridge_regression,1.0952,44.27,65.23,-32.14,0.8164
Cockatoo_office_Rodney,power_active_kw,ridge_regression,10.7566,13.27,14.48,-8.37,6.7454
Cockatoo_office_Roxanna,cooling_kw,ridge_regression,16.3221,77.77,85.17,-8.69,18.1302
Cockatoo_office_Roxanna,power_active_kw,ridge_regression,0.9711,15.36,22.23,-30.9,0.7684
Crow_education_Kate,cooling_kw,ridge_regression,16.2797,1032.84,2556.13,-59.59,13.2023
Crow_education_Kate,power_active_kw,ridge_regression,3.7378,6.44,10.62,-39.3,3.1247
Crow_education_Keisha,power_active_kw,ridge_regression,12.5451,5.64,6.93,-18.66,9.8434
Crow_education_Marlin,cooling_kw,ridge_regression,40.2812,51.11,89.5,-42.9,11.3639
Crow_education_Marlin,power_active_kw,ridge_regression,23.9058,16.3,37.02,-55.98,15.0636
Crow_education_Omer,cooling_kw,ridge_regression,41.0326,83.96,147.01,-42.89,26.8873
Crow_education_Omer,power_active_kw,ridge_regression,33.606,13.44,15.41,-12.77,23.545
Crow_education_Winston,cooling_kw,ridge_regression,25.637,67.7,134.22,-49.56,19.7603
Crow_education_Winston,power_active_kw,ridge_regression,30.8483,14.38,25.32,-43.2,22.6939
Eagle_education_Alberto,cooling_kw,ridge_regression,409.8168,22.51,28.27,-20.38,311.8075
Eagle_education_Alberto,power_active_kw,seasonal_naive_168h,64.9437,44.55,44.55,38.8,35.5756
Eagle_education_April,cooling_kw,ridge_regression,55.5913,85.59,121.24,-29.41,40.4655
Eagle_education_April,power_active_kw,ridge_regression,3.6071,17.14,37.12,-53.83,1.6584
Eagle_education_Brianne,power_active_kw,ridge_regression,36.673,11.53,16.87,-31.63,31.6008
Eagle_education_Brooke,cooling_kw,ridge_regression,453.8806,24.82,70.81,-64.94,273.7319
Eagle_education_Brooke,power_active_kw,seasonal_naive_168h,33.9016,7.68,7.68,12.65,27.8906
Eagle_education_Cassie,cooling_kw,ridge_regression,55.6642,341.89,441.45,-22.55,18.6052
Eagle_education_Cassie,power_active_kw,ridge_regression,8.1241,21.48,27.13,-20.83,5.842
Eagle_education_Edith,power_active_kw,seasonal_naive_168h,19.594,20.98,20.98,33.18,21.9666
Eagle_education_Eileen,cooling_kw,ridge_regression,76.7551,281.77,362.05,-22.17,54.7494
Eagle_education_Eileen,power_active_kw,ridge_regression,8.8203,38.45,45.31,-15.13,4.1808
Eagle_education_Jewell,cooling_kw,ridge_regression,193.4362,186.16,264.69,-29.67,97.7351
Eagle_education_Jewell,power_active_kw,ridge_regression,13.3587,9.95,14.39,-30.89,10.1628
Eagle_education_Lino,cooling_kw,ridge_regression,278.4665,31.2,67.09,-53.49,211.8257
Eagle_education_Lino,power_active_kw,ridge_regression,25.522,16.68,27.92,-40.25,18.01
Eagle_education_Luther,cooling_kw,ridge_regression,336.1419,21.24,24.41,-12.96,284.2834
Eagle_education_Luther,power_active_kw,seasonal_naive_168h,25.5651,7.42,7.42,1.91,23.2797
Eagle_education_Maragret,power_active_kw,ridge_regression,2.7041,16.77,17.99,-6.8,2.0128
Eagle_education_Norah,cooling_kw,ridge_regression,379.3872,117.12,149.95,-21.89,203.2415
Eagle_education_Norah,power_active_kw,ridge_regression,22.0254,5.47,6.04,-9.44,19.2007
Eagle_education_Paul,cooling_kw,ridge_regression,39.0949,261.39,316.22,-17.34,18.8094
Eagle_education_Paul,power_active_kw,seasonal_naive_168h,6.9321,61.19,61.19,5.47,4.2301
Eagle_education_Peter,cooling_kw,ridge_regression,1599.4291,150.75,167.0,-9.73,971.3604
Eagle_education_Peter,power_active_kw,seasonal_naive_168h,64.8206,7.87,7.87,19.79,85.8019
Eagle_education_Petra,cooling_kw,ridge_regression,55.0673,205.37,291.98,-29.66,34.8866
Eagle_education_Petra,power_active_kw,ridge_regression,5.5625,12.01,15.04,-20.13,3.5848
Eagle_education_Raul,cooling_kw,ridge_regression,646.8145,88.56,116.55,-24.02,479.9112
Eagle_education_Raul,power_active_kw,ridge_regression,31.2232,6.73,6.75,-0.29,25.0978
Eagle_education_Roman,cooling_kw,ridge_regression,683.5061,97.37,133.74,-27.2,433.7543
Eagle_education_Roman,power_active_kw,ridge_regression,27.2161,5.32,6.45,-17.48,24.1837
Eagle_education_Samantha,cooling_kw,ridge_regression,160.6557,19.74,21.98,-10.19,147.6217
Eagle_education_Samantha,power_active_kw,ridge_regression,12.9831,7.0,8.38,-16.42,10.841
Eagle_education_Shana,cooling_kw,ridge_regression,166.0321,45.59,53.48,-14.75,133.5696
Eagle_education_Shana,power_active_kw,seasonal_naive_168h,6.7831,44.6,44.6,43.63,3.0882
Eagle_education_Shanna,cooling_kw,ridge_regression,239.0279,38.49,59.51,-35.33,198.1027
Eagle_education_Shanna,power_active_kw,ridge_regression,35.2532,13.99,19.59,-28.56,31.5637
Eagle_education_Shante,cooling_kw,ridge_regression,582.4298,35.84,47.93,-25.22,440.4965
Eagle_education_Shante,power_active_kw,ridge_regression,15.1733,3.3,3.88,-15.07,11.3752
Eagle_education_Sheena,cooling_kw,ridge_regression,41.7174,261.39,316.22,-17.34,20.0711
Eagle_education_Sheena,power_active_kw,seasonal_naive_168h,7.3972,61.19,61.19,5.46,4.5138
Eagle_education_Sherrill,cooling_kw,ridge_regression,752.53,34.11,47.96,-28.87,593.8685
Eagle_education_Sherrill,power_active_kw,ridge_regression,18.4111,3.91,4.71,-17.03,13.6374
Eagle_education_Teresa,cooling_kw,ridge_regression,82.6353,115.21,168.57,-31.66,51.7925
Eagle_education_Teresa,power_active_kw,ridge_regression,8.795,12.53,16.88,-25.75,6.6156
Eagle_education_Wesley,cooling_kw,ridge_regression,99.3401,45.85,71.19,-35.59,68.0738
Eagle_education_Wesley,power_active_kw,ridge_regression,12.5251,13.5,17.96,-24.85,9.5395
Eagle_education_Will,cooling_kw,ridge_regression,92.3464,67.54,88.45,-23.63,74.407
Eagle_education_Will,power_active_kw,ridge_regression,6.4388,7.25,9.32,-22.24,5.169
Eagle_office_Amanda,power_active_kw,ridge_regression,80.8704,66.0,97.59,-32.37,41.2717
Eagle_office_Amie,power_active_kw,ridge_regression,3.8848,2.91,7.77,-62.54,1.4407
Eagle_office_Bridgett,power_active_kw,ridge_regression,15.4705,12.07,15.72,-23.21,12.809
Eagle_office_Chantelle,cooling_kw,ridge_regression,22.3557,24.63,32.31,-23.79,16.6126
Eagle_office_Chantelle,power_active_kw,seasonal_naive_168h,2.4281,15.06,15.06,81.99,5.3077
Eagle_office_Chauncey,cooling_kw,ridge_regression,613.2946,54.88,83.8,-34.51,508.5092
Eagle_office_Chauncey,power_active_kw,seasonal_naive_168h,75.808,45.22,45.22,50.11,23.236
Eagle_office_Dallas,power_active_kw,ridge_regression,5.9633,19.53,23.45,-16.71,4.9361
Eagle_office_Damian,cooling_kw,ridge_regression,797.31,89.58,145.23,-38.32,504.4827
Eagle_office_Damian,power_active_kw,ridge_regression,19.4281,14.84,18.07,-17.87,14.7847
Eagle_office_Demetra,cooling_kw,ridge_regression,310.5682,236.94,326.74,-27.48,232.9154
Eagle_office_Demetra,power_active_kw,ridge_regression,17.9214,21.47,27.79,-22.74,7.6648
Eagle_office_Donovan,cooling_kw,ridge_regression,73.0773,240.53,332.33,-27.62,26.5073
Eagle_office_Donovan,power_active_kw,ridge_regression,8.966,19.92,26.92,-26.0,6.259
Eagle_office_Efrain,cooling_kw,ridge_regression,52.6528,271.77,391.13,-30.52,23.1711
Eagle_office_Efrain,power_active_kw,ridge_regression,4.6545,15.43,19.51,-20.88,3.6565
Eagle_office_Elia,power_active_kw,seasonal_naive_168h,20.0311,32.54,32.54,56.61,27.9542
Eagle_office_Elias,cooling_kw,ridge_regression,99.0784,261.79,348.04,-24.78,57.2212
Eagle_office_Elias,power_active_kw,ridge_regression,9.1654,14.84,18.07,-17.87,6.9756
Eagle_office_Elvis,cooling_kw,ridge_regression,27.7191,301.17,537.6,-43.98,5.1016
Eagle_office_Elvis,power_active_kw,ridge_regression,8.196,24.44,32.38,-24.52,4.7666
Eagle_office_Flossie,power_active_kw,ridge_regression,23.0492,21.47,27.12,-20.83,18.317
Eagle_office_Francis,cooling_kw,ridge_regression,239.66,29.3,39.51,-25.84,188.8031
Eagle_office_Francis,power_active_kw,ridge_regression,18.7878,7.29,8.39,-13.14,14.549
Eagle_office_Freida,cooling_kw,ridge_regression,52.464,291.22,369.26,-21.13,28.4817
Eagle_office_Freida,power_active_kw,ridge_regression,5.4461,15.62,19.08,-18.12,3.9894
Eagle_office_Henriette,cooling_kw,ridge_regression,24.5387,25.3,40.82,-38.02,16.0323
Eagle_office_Henriette,power_active_kw,ridge_regression,5.2641,20.77,28.87,-28.06,4.5967
Eagle_office_Isidro,cooling_kw,ridge_regression,28.1283,95.44,143.69,-33.58,16.421
Eagle_office_Isidro,power_active_kw,ridge_regression,4.1874,25.28,33.82,-25.27,2.5238
Eagle_office_Jackie,cooling_kw,ridge_regression,80.3225,99.89,136.14,-26.63,61.0643
Eagle_office_Jackie,power_active_kw,ridge_regression,6.9207,16.22,19.4,-16.41,4.7058
Eagle_office_Jeff,cooling_kw,ridge_regression,75.6069,207.32,291.19,-28.8,29.4856
Eagle_office_Jeff,power_active_kw,ridge_regression,6.2888,20.36,26.52,-23.22,3.6972
Eagle_office_Katheleen,power_active_kw,ridge_regression,51.0698,48.43,51.98,-6.84,22.939
Eagle_office_Lamont,cooling_kw,ridge_regression,50.8367,63.96,112.79,-43.29,20.5939
Eagle_office_Lamont,power_active_kw,seasonal_naive_168h,6.5675,48.66,48.66,37.02,3.6356
Eagle_office_Lane,cooling_kw,ridge_regression,46.0486,92.57,111.43,-16.93,39.241
Eagle_office_Lane,power_active_kw,ridge_regression,5.0164,16.86,23.12,-27.08,3.5972
Eagle_office_Lillian,cooling_kw,ridge_regression,37.4396,253.77,396.29,-35.97,16.8472
Eagle_office_Lillian,power_active_kw,ridge_regression,4.0187,26.86,36.0,-25.38,3.1356
Eagle_office_Mable,power_active_kw,ridge_regression,2.6487,25.63,30.21,-15.16,1.5779
Eagle_office_Mandi,cooling_kw,ridge_regression,20.7135,29.46,42.62,-30.87,14.9744
Eagle_office_Mandi,power_active_kw,seasonal_naive_168h,2.3596,44.6,44.6,43.6,1.0722
Eagle_office_Marisela,cooling_kw,ridge_regression,293.7013,63.96,112.79,-43.29,118.9501
Eagle_office_Marisela,power_active_kw,seasonal_naive_168h,25.7087,47.19,47.19,8.25,14.2454
Eagle_office_Nereida,cooling_kw,ridge_regression,66.9234,24.56,45.95,-46.56,55.0533
Eagle_office_Nereida,power_active_kw,seasonal_naive_168h,23.3531,45.33,45.33,44.67,8.0413
Eagle_office_Norbert,cooling_kw,ridge_regression,174.0804,58.31,102.02,-42.85,86.2495
Eagle_office_Norbert,power_active_kw,seasonal_naive_168h,17.4492,50.38,50.38,37.58,7.7676
Eagle_office_Patrice,cooling_kw,ridge_regression,186.4539,138.3,183.12,-24.48,143.4925
Eagle_office_Patrice,power_active_kw,ridge_regression,9.6231,16.32,20.51,-20.47,6.2423
Eagle_office_Phyllis,cooling_kw,ridge_regression,50.329,29.46,42.62,-30.87,36.3855
Eagle_office_Phyllis,power_active_kw,seasonal_naive_168h,5.7332,44.6,44.6,43.63,2.6106
Eagle_office_Randolph,cooling_kw,ridge_regression,148.3561,145.56,195.85,-25.67,94.883
Eagle_office_Randolph,power_active_kw,ridge_regression,12.3356,17.59,23.77,-26.02,6.2481
Eagle_office_Remedios,cooling_kw,ridge_regression,132.8809,54.88,83.82,-34.52,110.1495
Eagle_office_Remedios,power_active_kw,seasonal_naive_168h,13.2421,45.21,45.21,41.78,4.7627
Eagle_office_Ryan,cooling_kw,ridge_regression,28.6354,84.27,124.53,-32.33,18.7253
Eagle_office_Ryan,power_active_kw,ridge_regression,3.3536,18.82,24.47,-23.09,2.3069
Eagle_office_Sheree,cooling_kw,ridge_regression,67.9181,132.01,165.06,-20.02,47.612
Eagle_office_Sheree,power_active_kw,ridge_regression,7.82,33.47,37.22,-10.08,6.1718
Eagle_office_Sonya,cooling_kw,ridge_regression,162.1365,275.2,376.44,-26.89,76.7616
Eagle_office_Sonya,power_active_kw,ridge_regression,12.9388,9.33,12.41,-24.86,10.3373
Eagle_office_Tia,cooling_kw,ridge_regression,322.5388,216.66,287.15,-24.55,212.5089
Eagle_office_Tia,power_active_kw,ridge_regression,38.6733,38.45,45.31,-15.13,18.3308
Eagle_office_Yadira,cooling_kw,ridge_regression,145.0567,210.4,327.12,-35.68,65.324
Eagle_office_Yadira,power_active_kw,ridge_regression,20.914,25.36,33.81,-24.99,11.4114
Fox_education_Andre,cooling_kw,ridge_regression,92.6136,23.71,41.92,-43.44,77.6884
Fox_education_Andre,power_active_kw,ridge_regression,19.1943,6.66,8.29,-19.71,14.7589
Fox_education_Ashli,cooling_kw,seasonal_naive_168h,6.8534,122.3,122.3,7.6,8.7295
Fox_education_Ashli,power_active_kw,seasonal_naive_168h,2.4292,28.35,28.35,14.97,3.4652
Fox_education_Burton,cooling_kw,ridge_regression,27.022,43.58,46.45,-6.18,21.2691
Fox_education_Burton,power_active_kw,ridge_regression,4.6945,14.82,18.61,-20.37,3.409
Fox_education_Carleen,cooling_kw,seasonal_naive_168h,25.3784,41.89,41.89,22.06,24.2308
Fox_education_Carleen,power_active_kw,ridge_regression,12.387,19.45,22.47,-13.46,9.7253
Fox_education_Charles,power_active_kw,ridge_regression,1.7542,25.0,32.08,-22.09,1.1274
Fox_education_Claire,cooling_kw,ridge_regression,28.042,30.69,31.16,-1.52,23.0748
Fox_education_Claire,power_active_kw,ridge_regression,6.2572,16.34,19.61,-16.7,3.8595
Fox_education_Claude,cooling_kw,ridge_regression,102.4867,9.17,19.47,-52.88,80.7311
Fox_education_Claude,power_active_kw,ridge_regression,35.5775,4.87,5.35,-8.93,33.0588
Fox_education_Cynthia,cooling_kw,ridge_regression,47.0097,31.14,39.84,-21.85,35.2742
Fox_education_Cynthia,power_active_kw,ridge_regression,21.5369,13.79,17.23,-19.99,16.2206
Fox_education_Delma,power_active_kw,ridge_regression,11.5322,52.41,67.24,-22.05,4.0901
Fox_education_Dewayne,cooling_kw,seasonal_naive_168h,22.8849,94.65,94.65,24.5,8.3012
Fox_education_Dewayne,power_active_kw,seasonal_naive_168h,6.5807,18.29,18.29,26.34,6.1046
Fox_education_Dominique,cooling_kw,ridge_regression,37.0174,12.04,24.69,-51.21,29.7832
Fox_education_Dominique,power_active_kw,ridge_regression,5.4394,6.34,6.96,-8.97,3.2781
Fox_education_Eddy,cooling_kw,ridge_regression,54.2834,29.95,38.94,-23.08,34.998
Fox_education_Eddy,power_active_kw,ridge_regression,34.9274,18.94,25.06,-24.42,21.6187
Fox_education_Eldon,cooling_kw,ridge_regression,28.0265,20.7,35.52,-41.73,22.4822
Fox_education_Eldon,power_active_kw,ridge_regression,6.6756,6.78,8.0,-15.3,4.9511
Fox_education_Elizabeth,cooling_kw,ridge_regression,45.5688,27.59,39.59,-30.31,33.0726
Fox_education_Elizabeth,power_active_kw,ridge_regression,37.1004,10.97,15.01,-26.95,25.06
Fox_education_Elois,cooling_kw,ridge_regression,13.6103,411.95,549.84,-25.08,5.84
Fox_education_Elois,power_active_kw,ridge_regression,2.1946,29.92,34.78,-13.96,1.831
Fox_education_Elvira,cooling_kw,ridge_regression,21.3467,25.28,38.17,-33.77,16.2938
Fox_education_Elvira,power_active_kw,ridge_regression,14.1368,11.62,15.49,-24.97,9.6185
Fox_education_Etta,power_active_kw,ridge_regression,17.6522,16.64,24.92,-33.23,13.1726
Fox_education_Gayla,power_active_kw,ridge_regression,8.0601,22.02,26.26,-16.13,5.0951
Fox_education_Geoffrey,cooling_kw,ridge_regression,22.5066,40.46,50.23,-19.45,14.9266
Fox_education_Geoffrey,power_active_kw,ridge_regression,6.0434,7.48,8.27,-9.6,4.9319
Fox_education_Gloria,cooling_kw,ridge_regression,45.5188,10.11,18.17,-44.38,36.2844
Fox_education_Gloria,power_active_kw,ridge_regression,17.6083,6.94,7.3,-4.97,9.4387
Fox_education_Henrietta,power_active_kw,ridge_regression,11.3353,28.14,39.86,-29.4,7.0874
Fox_education_Heriberto,cooling_kw,ridge_regression,10.0505,19.35,34.59,-44.07,6.9018
Fox_education_Heriberto,power_active_kw,seasonal_naive_168h,1.483,8.58,8.58,42.39,2.3332
Fox_education_Jaclyn,cooling_kw,ridge_regression,30.0149,11.68,23.17,-49.6,22.9295
Fox_education_Jaclyn,power_active_kw,ridge_regression,17.7272,11.13,18.5,-39.86,15.2107
Fox_education_Jacqueline,cooling_kw,ridge_regression,26.2232,17.78,25.97,-31.52,18.225
Fox_education_Jacqueline,power_active_kw,ridge_regression,21.921,77.8,104.85,-25.8,1.8913
Fox_education_Janina,cooling_kw,ridge_regression,1.1731,22.01,29.27,-24.83,0.8805
Fox_education_Janina,power_active_kw,ridge_regression,20.3085,18.28,23.06,-20.71,16.377
Fox_education_John,cooling_kw,ridge_regression,8.2735,67.47,76.32,-11.59,4.236
Fox_education_John,power_active_kw,ridge_regression,11.192,42.37,54.39,-22.1,5.2653
Fox_education_Kendrick,cooling_kw,ridge_regression,6.1399,50.99,51.8,-1.55,4.867
Fox_education_Kendrick,power_active_kw,ridge_regression,4.8883,45.3,61.68,-26.55,3.2189
Fox_education_Kim,cooling_kw,ridge_regression,15.6349,59.87,70.7,-15.32,9.0986
Fox_education_Kim,power_active_kw,ridge_regression,8.1265,22.34,26.62,-16.07,6.0062
Fox_education_Kris,power_active_kw,ridge_regression,10.9627,17.05,22.15,-23.0,8.1679
Fox_education_Leona,cooling_kw,ridge_regression,83.4897,34.84,35.92,-3.0,69.3022
Fox_education_Leona,power_active_kw,ridge_regression,17.2196,10.37,12.16,-14.72,11.8682
Fox_education_Leota,cooling_kw,seasonal_naive_168h,29.691,42.88,42.88,24.84,33.8011
Fox_education_Leota,power_active_kw,seasonal_naive_168h,13.7048,12.13,12.13,10.66,10.3251
Fox_education_Lesley,cooling_kw,ridge_regression,5.8695,48.2,58.63,-17.79,3.763
Fox_education_Lesley,power_active_kw,ridge_regression,4.7108,54.55,55.21,-1.2,2.0158
Fox_education_Lilly,cooling_kw,ridge_regression,47.8295,52.71,68.07,-22.58,25.9782
Fox_education_Lilly,power_active_kw,ridge_regression,20.412,21.72,25.7,-15.49,10.3109
Fox_education_Long,cooling_kw,seasonal_naive_168h,39.2664,30.01,30.01,7.46,36.3053
Fox_education_Long,power_active_kw,ridge_regression,13.156,16.53,18.04,-8.41,7.463
Fox_education_Louie,cooling_kw,ridge_regression,55.5178,13.06,22.81,-42.74,38.6351
Fox_education_Louie,power_active_kw,ridge_regression,8.4296,14.36,19.74,-27.26,6.0322
Fox_education_Marcelina,cooling_kw,ridge_regression,1.7643,171.02,177.25,-3.51,0.2483
Fox_education_Marcelina,power_active_kw,ridge_regression,0.9912,34.14,57.86,-41.0,0.5555
Fox_education_Maris,cooling_kw,seasonal_naive_168h,4.3747,73.48,73.48,15.26,2.8222
Fox_education_Maris,power_active_kw,ridge_regression,1.7872,12.06,12.47,-3.3,1.1213
Fox_education_Marlana,cooling_kw,ridge_regression,37.1359,17.96,27.84,-35.47,28.2883
Fox_education_Marlana,power_active_kw,ridge_regression,16.8556,21.65,26.21,-17.4,7.9187
Fox_education_Melinda,cooling_kw,ridge_regression,116.3384,32.48,66.97,-51.5,61.3556
Fox_education_Melinda,power_active_kw,ridge_regression,21.5114,10.54,13.05,-19.25,13.7932
Fox_education_Melvin,cooling_kw,seasonal_naive_168h,11.6851,53.0,53.0,132.78,19.9335
Fox_education_Melvin,power_active_kw,ridge_regression,10.6148,33.0,40.97,-19.47,4.9016
Fox_education_Miguelina,power_active_kw,ridge_regression,11.7558,20.6,23.33,-11.69,8.494
Fox_education_Nilda,cooling_kw,ridge_regression,32.0155,30.14,49.22,-38.76,17.8263
Fox_education_Nilda,power_active_kw,ridge_regression,12.8477,13.05,14.93,-12.55,9.6929
Fox_education_Ollie,cooling_kw,ridge_regression,20.2637,30.28,59.47,-49.09,13.9009
Fox_education_Ollie,power_active_kw,ridge_regression,9.6443,11.72,15.32,-23.48,7.6392
Fox_education_Otilia,cooling_kw,ridge_regression,151.7625,19.66,35.25,-44.24,116.6932
Fox_education_Otilia,power_active_kw,ridge_regression,27.0076,5.5,6.17,-10.93,22.7761
Fox_education_Ray,cooling_kw,ridge_regression,4.1182,12.27,16.94,-27.58,3.0371
Fox_education_Ray,power_active_kw,ridge_regression,4.7352,12.53,16.89,-25.82,3.9396
Fox_education_Rosie,cooling_kw,ridge_regression,11.2269,11.87,23.88,-50.32,9.2646
Fox_education_Rosie,power_active_kw,ridge_regression,7.7254,8.85,14.37,-38.42,5.2446
Fox_education_Rudolph,cooling_kw,ridge_regression,158.8543,216.97,274.65,-21.0,28.5404
Fox_education_Rudolph,power_active_kw,ridge_regression,4.6428,32.54,42.81,-23.98,3.0515
Fox_education_Shaun,cooling_kw,ridge_regression,20.6789,45.06,52.55,-14.26,11.5042
Fox_education_Shaun,power_active_kw,seasonal_naive_168h,18.5295,34.24,34.24,3.84,8.9875
Fox_education_Shawanda,power_active_kw,ridge_regression,1.7937,42.27,46.88,-9.83,1.1475
Fox_education_Shirley,cooling_kw,ridge_regression,24.141,92.72,94.4,-1.78,6.6359
Fox_education_Shirley,power_active_kw,ridge_regression,15.5851,29.15,33.9,-14.02,6.7583
Fox_education_Stacia,cooling_kw,ridge_regression,11.2388,5.44,6.59,-17.54,8.9089
Fox_education_Stacia,power_active_kw,ridge_regression,2.3769,5.26,6.13,-14.18,1.8435
Fox_education_Sterling,cooling_kw,ridge_regression,12.7797,49.74,54.17,-8.18,10.1764
Fox_education_Sterling,power_active_kw,ridge_regression,3.3766,24.76,26.99,-8.28,2.4692
Fox_education_Suzan,cooling_kw,ridge_regression,13.2573,31.51,38.49,-18.14,9.9853
Fox_education_Suzan,power_active_kw,ridge_regression,4.09,16.46,19.45,-15.34,2.5983
Fox_education_Tamika,power_active_kw,seasonal_naive_168h,12.9221,16.63,16.63,20.01,14.1365
Fox_education_Theodore,cooling_kw,ridge_regression,29.0845,35.02,72.26,-51.54,19.2894
Fox_education_Theodore,power_active_kw,ridge_regression,7.2116,7.41,10.28,-27.94,3.559
Fox_education_Tonya,cooling_kw,ridge_regression,19.9726,15.98,30.92,-48.33,16.3854
Fox_education_Tonya,power_active_kw,ridge_regression,7.4597,6.74,8.11,-16.84,5.2478
Fox_education_Virgil,cooling_kw,ridge_regression,13.6206,16.2,18.82,-13.91,9.598
Fox_education_Virgil,power_active_kw,ridge_regression,4.1841,8.83,9.85,-10.36,2.6774
Fox_education_Virginia,power_active_kw,ridge_regression,3.1535,56.63,57.66,-1.78,1.4941
Fox_education_Wendell,cooling_kw,ridge_regression,62.9097,12.12,22.66,-46.52,51.7438
Fox_education_Wendell,power_active_kw,ridge_regression,12.7602,5.94,6.67,-11.04,7.6026
Fox_education_Willis,power_active_kw,ridge_regression,34.5468,3.92,5.01,-21.89,20.9982
Fox_education_Yolande,cooling_kw,ridge_regression,113.5256,18.22,35.78,-49.1,93.7197
Fox_education_Yolande,power_active_kw,ridge_regression,18.2137,5.43,5.49,-1.04,13.5736
Fox_office_Alice,cooling_kw,ridge_regression,56.7915,14.72,25.65,-42.59,46.1055
Fox_office_Alice,power_active_kw,ridge_regression,12.3934,6.52,6.88,-5.35,7.0373
Fox_office_Bernard,cooling_kw,ridge_regression,12.0235,20.4,25.36,-19.57,7.8054
Fox_office_Bernard,power_active_kw,ridge_regression,6.7625,9.88,11.7,-15.59,3.855
Fox_office_Berniece,cooling_kw,seasonal_naive_168h,5.9824,26.45,26.45,42.89,5.6866
Fox_office_Berniece,power_active_kw,seasonal_naive_168h,3.8387,23.23,23.23,18.49,3.5965
Fox_office_Brandy,power_active_kw,seasonal_naive_168h,3.4859,21.39,21.39,17.87,3.5708
Fox_office_Carson,cooling_kw,ridge_regression,16.1623,26.79,36.93,-27.45,10.1165
Fox_office_Carson,power_active_kw,ridge_regression,6.1545,17.45,22.64,-22.94,4.2168
Fox_office_Clayton,power_active_kw,ridge_regression,8.5115,17.52,19.3,-9.21,6.1159
Fox_office_Demetrius,cooling_kw,seasonal_naive_168h,27.2658,38.8,38.8,3.58,27.2036
Fox_office_Demetrius,power_active_kw,ridge_regression,26.2302,27.21,37.03,-26.51,19.3053
Fox_office_Easter,cooling_kw,ridge_regression,7.9887,32.56,34.0,-4.24,6.8811
Fox_office_Easter,power_active_kw,ridge_regression,2.7826,22.32,25.7,-13.17,1.5281
Fox_office_Edythe,cooling_kw,ridge_regression,33.8812,69.94,72.39,-3.39,24.9142
Fox_office_Edythe,power_active_kw,ridge_regression,9.0165,12.94,14.2,-8.89,5.8814
Fox_office_Essie,cooling_kw,ridge_regression,25.0991,69.88,81.46,-14.22,12.5034
Fox_office_Essie,power_active_kw,ridge_regression,2.495,30.49,37.11,-17.85,1.2358
Fox_office_Gaylord,power_active_kw,seasonal_naive_168h,11.8211,17.11,17.11,12.88,12.1112
Fox_office_Israel,cooling_kw,ridge_regression,24.21,44.4,60.09,-26.11,17.916
Fox_office_Israel,power_active_kw,ridge_regression,7.9472,10.34,11.46,-9.73,5.734
Fox_office_Joy,power_active_kw,seasonal_naive_168h,6.7735,7.38,7.38,22.04,7.288
Fox_office_Juana,cooling_kw,ridge_regression,4.21,53.82,54.3,-0.87,1.4852
Fox_office_Juana,power_active_kw,ridge_regression,3.4199,34.12,35.6,-4.16,1.6282
Fox_office_Karima,cooling_kw,ridge_regression,29.7533,56.61,61.35,-7.73,20.6354
Fox_office_Karima,power_active_kw,seasonal_naive_168h,9.5631,26.98,26.98,11.49,12.0845
Fox_office_Margarita,cooling_kw,ridge_regression,8.0834,46.19,51.14,-9.68,6.1048
Fox_office_Margarita,power_active_kw,ridge_regression,1.7235,15.4,17.31,-11.03,1.3159
Fox_office_Molly,power_active_kw,seasonal_naive_168h,0.7179,38.46,38.46,59.98,0.9286
Fox_office_Rowena,cooling_kw,ridge_regression,11.3325,56.75,71.68,-20.83,3.1283
Fox_office_Rowena,power_active_kw,ridge_regression,4.1366,18.19,22.25,-18.25,2.6316
Fox_office_Sheila,cooling_kw,ridge_regression,2.2659,7.98,11.6,-31.22,1.7541
Fox_office_Sheila,power_active_kw,ridge_regression,1.1283,19.28,20.05,-3.88,0.8852
Fox_office_Susanne,power_active_kw,ridge_regression,3.4714,33.4,39.8,-16.1,2.6333
Fox_office_Thelma,cooling_kw,seasonal_naive_168h,32.0757,60.29,60.29,13.46,28.051
Fox_office_Thelma,power_active_kw,ridge_regression,13.2302,18.46,23.41,-21.15,8.3462
Fox_office_Vicki,power_active_kw,ridge_regression,7.9452,9.35,11.86,-21.15,5.2358
Fox_office_Yong,cooling_kw,ridge_regression,32.0813,22.07,26.73,-17.42,24.2342
Fox_office_Yong,power_active_kw,ridge_regression,13.8543,16.22,19.83,-18.21,9.2538
Fox_office_Zachary,cooling_kw,ridge_regression,37.5153,44.63,53.55,-16.66,24.3014
Fox_office_Zachary,power_active_kw,ridge_regression,23.1464,17.23,24.49,-29.66,17.4981
Gator_office_August,power_active_kw,ridge_regression,10.1731,34.52,40.84,-15.46,7.2188
Gator_office_Betty,power_active_kw,ridge_regression,4.6758,27.91,40.31,-30.76,2.5353
Gator_office_Hunter,power_active_kw,ridge_regression,6.3363,30.21,43.9,-31.17,3.8849
Gator_office_Julie,power_active_kw,ridge_regression,1.9133,44.52,66.13,-32.67,1.4392
Gator_office_Lisa,power_active_kw,ridge_regression,18.4534,23.87,31.33,-23.8,9.1394
Gator_office_Lucy,power_active_kw,seasonal_naive_168h,0.2741,56.91,56.91,56.56,0.6667
Gator_office_Merle,power_active_kw,ridge_regression,0.2799,47.4,76.85,-38.32,0.2088
Hog_education_Beth,cooling_kw,ridge_regression,20.3833,78.68,97.53,-19.33,18.326
Hog_education_Beth,power_active_kw,ridge_regression,10.3185,13.76,17.0,-19.07,6.2479
Hog_education_Bruno,power_active_kw,ridge_regression,9.4089,6.04,7.74,-22.03,6.4979
Hog_education_Caridad,cooling_kw,seasonal_naive_168h,92.9217,55.49,55.49,133.29,327.8688
Hog_education_Caridad,power_active_kw,seasonal_naive_168h,68.8073,12.03,12.03,47.87,126.0122
Hog_education_Casandra,cooling_kw,ridge_regression,72.5985,130.5,210.71,-38.07,61.9752
Hog_education_Casandra,power_active_kw,ridge_regression,67.1207,12.76,20.94,-39.04,47.155
Hog_education_Cathleen,cooling_kw,ridge_regression,51.1914,40.21,46.13,-12.83,40.2422
Hog_education_Cathleen,power_active_kw,ridge_regression,33.2007,7.61,8.64,-11.82,29.3866
Hog_education_Donnie,cooling_kw,ridge_regression,4.3727,674.66,1208.0,-44.15,3.7168
Hog_education_Donnie,power_active_kw,ridge_regression,11.9787,35.92,65.38,-45.07,9.0492
Hog_education_George,power_active_kw,ridge_regression,9.5289,6.23,6.32,-1.38,7.7837
Hog_education_Hallie,cooling_kw,ridge_regression,0.7668,1063.54,1586.38,-32.96,0.6518
Hog_education_Hallie,power_active_kw,ridge_regression,1.8101,3.83,4.91,-22.14,1.39
Hog_education_Haywood,cooling_kw,ridge_regression,6.3614,94.02,169.09,-44.4,1.187
Hog_education_Haywood,power_active_kw,ridge_regression,2.996,4.02,4.89,-17.93,1.8744
Hog_education_Janell,cooling_kw,ridge_regression,30300.8986,14.06,25.17,-44.12,25721.9036
Hog_education_Janell,power_active_kw,seasonal_naive_168h,224.481,13.34,13.34,21.84,417.3279
Hog_education_Jared,power_active_kw,ridge_regression,2.2483,24.4,27.05,-9.8,1.3259
Hog_education_Jewel,power_active_kw,ridge_regression,9.2581,19.71,31.53,-37.47,6.2013
Hog_education_Jordan,power_active_kw,ridge_regression,8.2912,12.85,17.54,-26.75,5.8789
Hog_education_Josh,power_active_kw,ridge_regression,27.9175,20.29,29.63,-31.52,21.2501
Hog_education_Leandro,cooling_kw,ridge_regression,4.7075,228.26,430.38,-46.96,4.0014
Hog_education_Leandro,power_active_kw,seasonal_naive_168h,15.7258,6.27,6.27,3.7,20.5297
Hog_education_Luvenia,cooling_kw,ridge_regression,66.2624,205.15,363.09,-43.5,20.8518
Hog_education_Luvenia,power_active_kw,ridge_regression,29.3092,9.23,10.88,-15.23,21.9981
Hog_education_Madge,cooling_kw,seasonal_naive_168h,1.4983,1425.82,1425.82,23.29,1.2736
Hog_education_Madge,power_active_kw,ridge_regression,9.7835,13.35,15.24,-12.41,7.9908
Hog_education_Martha,cooling_kw,ridge_regression,7.8378,212.16,466.02,-54.47,3.9984
Hog_education_Mathilda,cooling_kw,seasonal_naive_168h,0.4397,22.39,22.39,96.08,3.1016
Hog_education_Odell,cooling_kw,ridge_regression,76.0692,106.47,193.58,-45.0,66.64
Hog_education_Odell,power_active_kw,ridge_regression,12.2427,3.59,4.98,-27.94,8.4403
Hog_education_Rachael,power_active_kw,ridge_regression,6.0538,14.62,23.4,-37.55,4.9818
Hog_education_Robert,power_active_kw,ridge_regression,45.3594,15.58,20.42,-23.71,31.1117
Hog_education_Roberto,cooling_kw,ridge_regression,22.4132,69.34,92.77,-25.26,19.0512
Hog_education_Roberto,power_active_kw,ridge_regression,17.2416,15.45,18.71,-17.45,8.747
Hog_education_Sonia,cooling_kw,ridge_regression,34.4823,187.09,426.73,-56.16,29.31
Hog_education_Sonia,power_active_kw,ridge_regression,17.976,3.96,4.26,-7.02,14.7288
Hog_education_Wayne,cooling_kw,ridge_regression,2.3472,260.86,593.11,-56.02,0.3877
Hog_education_Wayne,power_active_kw,ridge_regression,8.603,8.68,10.51,-17.43,5.8241
Hog_office_Alexis,power_active_kw,ridge_regression,4.4369,28.48,32.17,-11.48,4.0819
Hog_office_Alisha,power_active_kw,ridge_regression,0.8373,9.84,12.41,-20.74,0.648
Hog_office_Almeda,cooling_kw,ridge_regression,2.4613,693.44,863.79,-19.72,2.0921
Hog_office_Almeda,power_active_kw,ridge_regression,8.6308,19.27,25.27,-23.75,6.0374
Hog_office_Bessie,cooling_kw,ridge_regression,3.573,370.58,430.29,-13.88,1.5827
Hog_office_Bessie,power_active_kw,ridge_regression,5.8782,13.59,17.04,-20.24,3.6056
Hog_office_Betsy,cooling_kw,ridge_regression,37.0683,92.81,159.57,-41.84,35.4858
Hog_office_Betsy,power_active_kw,ridge_regression,93.2192,33.46,36.08,-7.26,82.511
Hog_office_Bill,power_active_kw,ridge_regression,22.652,16.21,25.98,-37.63,13.6313
Hog_office_Bryan,cooling_kw,ridge_regression,8.7456,68.54,85.58,-19.91,1.9992
Hog_office_Buford,power_active_kw,ridge_regression,0.2922,25.81,62.28,-58.55,0.1138
Hog_office_Byron,cooling_kw,ridge_regression,106.6126,138.83,289.79,-52.09,69.972
Hog_office_Byron,power_active_kw,ridge_regression,37.1262,5.88,6.23,-5.66,28.092
Hog_office_Candi,cooling_kw,seasonal_naive_168h,9.7535,210.17,210.17,346.88,5.5274
Hog_office_Candi,power_active_kw,ridge_regression,27.8165,11.57,18.99,-39.06,21.8109
Hog_office_Carri,power_active_kw,ridge_regression,3.047,13.59,15.99,-14.97,2.5198
Hog_office_Catalina,cooling_kw,ridge_regression,1.051,1179.07,1658.33,-28.9,0.8933
Hog_office_Catalina,power_active_kw,ridge_regression,20.6237,34.58,46.65,-25.87,12.1444
Hog_office_Catharine,cooling_kw,ridge_regression,25.4542,505.63,1161.26,-56.46,1.3328
Hog_office_Catharine,power_active_kw,ridge_regression,25.2679,9.4,16.24,-42.13,18.8873
Hog_office_Charla,cooling_kw,ridge_regression,4.5513,165.83,375.94,-55.89,1.9992
Hog_office_Charla,power_active_kw,ridge_regression,6.3074,4.58,5.77,-20.53,4.5911
Hog_office_Clemencia,power_active_kw,ridge_regression,3.6949,7.48,8.99,-16.76,2.6313
Hog_office_Concetta,power_active_kw,ridge_regression,3.1271,35.99,38.17,-5.7,2.6215
Hog_office_Cordelia,cooling_kw,ridge_regression,3.8669,1129.0,1749.78,-35.48,3.2869
Hog_office_Cordelia,power_active_kw,ridge_regression,3.0614,21.81,27.44,-20.55,2.2883
Hog_office_Corey,cooling_kw,ridge_regression,7.4026,1210.46,1597.63,-24.23,6.2922
Hog_office_Corey,power_active_kw,ridge_regression,11.6481,14.08,15.91,-11.49,8.1496
Hog_office_Corie,cooling_kw,ridge_regression,12.9894,203.2,348.57,-41.7,8.33
Hog_office_Corie,power_active_kw,ridge_regression,10.0454,17.18,23.02,-25.38,5.2102
Hog_office_Cornell,cooling_kw,ridge_regression,88.4977,238.75,563.76,-57.65,19.992
Hog_office_Cornell,power_active_kw,ridge_regression,98.6343,11.39,16.38,-30.46,76.6799
Hog_office_Cortney,cooling_kw,seasonal_naive_168h,9.8629,129.75,129.75,40.02,3.332
Hog_office_Darlene,cooling_kw,ridge_regression,13.5668,465.44,746.02,-37.61,3.6652
Hog_office_Darline,cooling_kw,ridge_regression,9.9037,41.46,94.69,-56.21,3.7472
Hog_office_Darline,power_active_kw,ridge_regression,9.3392,5.68,6.18,-8.03,8.5082
Hog_office_Denita,cooling_kw,ridge_regression,6.7325,1689.26,2169.31,-22.13,5.7226
Hog_office_Denita,power_active_kw,ridge_regression,6.3096,20.6,26.66,-22.74,3.5128
Hog_office_Elizbeth,cooling_kw,ridge_regression,5.0696,71.71,82.8,-13.39,5.3312
Hog_office_Elizbeth,power_active_kw,ridge_regression,4.8639,6.43,7.15,-10.06,3.1934
Hog_office_Elke,cooling_kw,ridge_regression,2.0962,391.62,552.24,-29.08,0.2171
Hog_office_Elke,power_active_kw,ridge_regression,5.447,15.09,16.65,-9.41,3.3322
Hog_office_Elnora,cooling_kw,ridge_regression,23.0275,19.09,28.77,-33.64,18.1838
Hog_office_Elnora,power_active_kw,ridge_regression,34.0051,8.32,8.68,-4.2,27.0319
Hog_office_Eloise,cooling_kw,ridge_regression,11.3165,92.49,155.28,-40.44,6.7109
Hog_office_Eloise,power_active_kw,ridge_regression,8.625,5.81,7.7,-24.61,5.3376
Hog_office_Elsy,power_active_kw,ridge_regression,2.2079,11.09,13.63,-18.58,1.8697
Hog_office_Emmanuel,cooling_kw,ridge_regression,0.4324,459.98,1060.57,-56.63,0.3675
Hog_office_Emmanuel,power_active_kw,ridge_regression,1.3637,6.71,8.25,-18.67,1.0266
Hog_office_Garrett,cooling_kw,ridge_regression,13.2999,330.76,665.75,-50.32,0.3791
Hog_office_Garrett,power_active_kw,ridge_regression,65.7521,30.36,47.18,-35.65,37.9666
Hog_office_Guadalupe,cooling_kw,ridge_regression,9.9832,101.88,137.76,-26.04,10.3292
Hog_office_Guadalupe,power_active_kw,ridge_regression,6.4047,20.48,24.84,-17.58,3.757
Hog_office_Gustavo,cooling_kw,ridge_regression,5.0211,725.78,1468.24,-50.57,4.2679
Hog_office_Gustavo,power_active_kw,ridge_regression,19.6182,4.95,6.16,-19.62,12.6319
Hog_office_Joey,cooling_kw,ridge_regression,257.5164,72.44,75.01,-3.43,172.5833
Hog_office_Joey,power_active_kw,ridge_regression,189.9331,18.71,20.08,-6.86,181.0493
Hog_office_Josefina,cooling_kw,ridge_regression,9.8301,369.22,660.14,-44.07,8.3556
Hog_office_Josefina,power_active_kw,ridge_regression,10.2473,8.62,11.11,-22.48,6.6766
Hog_office_Lanell,power_active_kw,ridge_regression,17.514,22.7,30.42,-25.36,8.8628
Hog_office_Lavon,power_active_kw,ridge_regression,39.3607,462.32,555.41,-16.76,15.586
Hog_office_Leanne,cooling_kw,ridge_regression,2.3117,599.71,1013.72,-40.84,1.9649
Hog_office_Leanne,power_active_kw,ridge_regression,4.8261,6.25,7.42,-15.72,3.0975
Hog_office_Leon,power_active_kw,ridge_regression,1.1573,23.17,30.0,-22.79,0.8089
Hog_office_Lizzie,power_active_kw,ridge_regression,6.7886,10.17,14.41,-29.42,5.2376
Hog_office_Mack,power_active_kw,ridge_regression,5.0322,8.46,9.25,-8.55,3.7561
Hog_office_Man,power_active_kw,ridge_regression,3.8961,9.21,12.85,-28.32,2.9956
Hog_office_Mari,power_active_kw,ridge_regression,7.7696,23.7,26.09,-9.18,6.4619
Hog_office_Marilyn,power_active_kw,seasonal_naive_168h,1.4309,11.04,11.04,32.53,1.743
Hog_office_Marlena,cooling_kw,ridge_regression,4.3334,2295.72,3122.3,-26.47,3.6834
Hog_office_Marlena,power_active_kw,ridge_regression,9.996,30.08,32.19,-6.56,3.2709
Hog_office_Marlene,cooling_kw,ridge_regression,2.2495,148.84,240.59,-38.13,1.2567
Hog_office_Marlene,power_active_kw,ridge_regression,5.2524,21.41,26.63,-19.6,3.7787
Hog_office_Mary,cooling_kw,ridge_regression,9.4289,696.95,915.41,-23.86,8.0146
Hog_office_Mary,power_active_kw,ridge_regression,3.2065,14.72,16.5,-10.8,2.0741
Hog_office_Merilyn,power_active_kw,ridge_regression,2.3053,10.21,14.87,-31.33,2.0156
Hog_office_Migdalia,power_active_kw,ridge_regression,3.6675,18.5,24.9,-25.7,2.5842
Hog_office_Mike,power_active_kw,seasonal_naive_168h,6.1918,11.96,11.96,24.95,10.0328
Hog_office_Miriam,cooling_kw,ridge_regression,0.8129,589.46,1299.77,-54.65,0.691
Hog_office_Miriam,power_active_kw,ridge_regression,1.9301,13.37,16.26,-17.79,1.5427
Hog_office_Myles,cooling_kw,ridge_regression,5.8251,88.48,142.0,-37.69,2.9988
Hog_office_Myles,power_active_kw,ridge_regression,4.3677,17.42,20.54,-15.23,2.5311
Hog_office_Nancie,cooling_kw,ridge_regression,8.9278,575.23,802.45,-28.32,7.5886
Hog_office_Nancie,power_active_kw,ridge_regression,6.9035,17.47,22.26,-21.53,4.0633
Hog_office_Napoleon,cooling_kw,ridge_regression,6.3122,358.43,694.88,-48.42,2.3675
Hog_office_Napoleon,power_active_kw,ridge_regression,9.2003,10.64,13.79,-22.84,6.3907
Hog_office_Nia,cooling_kw,ridge_regression,102.6314,231.76,517.46,-55.21,28.0826
Hog_office_Nia,power_active_kw,seasonal_naive_168h,80.9762,20.22,20.22,1.85,139.1853
Hog_office_Patrick,power_active_kw,ridge_regression,1.1891,21.04,25.28,-16.79,0.7198
Hog_office_Randi,power_active_kw,ridge_regression,11.6611,22.02,22.09,-0.31,9.4433
Hog_office_Richelle,cooling_kw,ridge_regression,10.7914,244.68,445.64,-45.1,1.5391
Hog_office_Richelle,power_active_kw,ridge_regression,3.4905,8.33,10.64,-21.72,2.04
Hog_office_Roger,cooling_kw,ridge_regression,10.7572,356.77,913.42,-60.94,9.1436
Hog_office_Roger,power_active_kw,ridge_regression,33.7555,23.89,27.48,-13.09,28.6779
Hog_office_Rolando,cooling_kw,ridge_regression,57.734,172.63,333.06,-48.17,30.9876
Hog_office_Rolando,power_active_kw,ridge_regression,11.5805,4.64,4.91,-5.42,7.5777
Hog_office_Sarah,cooling_kw,ridge_regression,18.876,482.87,989.84,-51.22,16.0446
Hog_office_Sarah,power_active_kw,ridge_regression,11.9724,3.81,4.02,-5.33,9.0324
Hog_office_Shawna,cooling_kw,ridge_regression,6.149,286.16,405.12,-29.36,3.332
Hog_office_Shawna,power_active_kw,ridge_regression,10.658,11.26,13.0,-13.38,7.0941
Hog_office_Shawnna,power_active_kw,ridge_regression,41.0163,17.49,21.15,-17.29,30.1488
Hog_office_Sherrie,power_active_kw,ridge_regression,4.4195,20.84,23.28,-10.49,3.1192
Hog_office_Shon,cooling_kw,ridge_regression,9.807,1230.99,1652.31,-25.5,8.336
Hog_office_Shon,power_active_kw,seasonal_naive_168h,4.9548,12.35,12.35,10.81,4.1614
Hog_office_Simon,cooling_kw,ridge_regression,2.9135,571.78,765.72,-25.33,2.4765
Hog_office_Simon,power_active_kw,ridge_regression,2.7511,20.45,24.65,-17.05,1.8517
Hog_office_Sonny,power_active_kw,ridge_regression,16.7317,10.2,10.64,-4.09,12.7148
Hog_office_Sung,power_active_kw,seasonal_naive_168h,2.4765,9.32,9.32,3.66,2.5608
Hog_office_Sydney,cooling_kw,ridge_regression,2.5152,371.22,594.27,-37.53,0.2138
Hog_office_Sydney,power_active_kw,seasonal_naive_168h,4.761,5.82,5.82,2.63,5.2434
Hog_office_Terry,cooling_kw,ridge_regression,55.6964,70.65,105.19,-32.83,56.5726
Hog_office_Terry,power_active_kw,ridge_regression,125.929,31.22,42.23,-26.08,102.3696
Hog_office_Valda,power_active_kw,ridge_regression,4.0414,20.59,26.69,-22.86,3.1597
Hog_office_Vera,cooling_kw,ridge_regression,12.551,1088.81,1493.09,-27.08,10.6684
Hog_office_Vera,power_active_kw,ridge_regression,11.3397,16.26,20.95,-22.41,8.1859
Lamb_education_Antonio,power_active_kw,ridge_regression,15.4011,59.64,98.91,-39.7,7.5208
Lamb_education_Armando,power_active_kw,ridge_regression,14.2174,62.94,104.35,-39.68,6.7163
Lamb_education_Augustine,power_active_kw,ridge_regression,2.0039,100.7,145.18,-30.64,0.5761
Lamb_education_Bert,power_active_kw,ridge_regression,2.277,58.49,75.89,-22.92,1.028
Lamb_education_Daniel,power_active_kw,ridge_regression,2.5914,50.73,62.95,-19.42,1.1881
Lamb_education_Darrel,power_active_kw,ridge_regression,16.4584,56.81,96.57,-41.18,8.2278
Lamb_education_Domitila,power_active_kw,ridge_regression,18.9037,57.15,94.65,-39.62,9.0591
Lamb_education_Dwayne,power_active_kw,ridge_regression,1.9575,47.18,60.98,-22.63,0.9945
Lamb_education_Emery,power_active_kw,ridge_regression,10.3795,64.17,128.17,-49.93,5.996
Lamb_education_Emilie,power_active_kw,ridge_regression,1.7457,55.54,76.92,-27.79,0.8359
Lamb_education_Faith,power_active_kw,ridge_regression,2.813,54.73,71.05,-22.97,1.2869
Lamb_education_Felipe,power_active_kw,ridge_regression,8.0237,60.51,104.19,-41.93,3.8547
Lamb_education_Fred,power_active_kw,ridge_regression,2.8619,46.94,66.15,-29.04,1.476
Lamb_education_Gabriel,power_active_kw,ridge_regression,2.1298,80.56,95.84,-15.95,0.7309
Lamb_education_Gabrielle,power_active_kw,seasonal_naive_168h,0.4502,89.48,89.48,28.02,0.5114
Lamb_education_Hellen,power_active_kw,ridge_regression,1.3429,51.32,68.13,-24.67,0.7162
Lamb_education_Hilary,power_active_kw,ridge_regression,1.308,88.45,133.15,-33.57,0.5266
Lamb_education_Hui,power_active_kw,ridge_regression,3.9402,93.79,128.29,-26.89,1.2729
Lamb_education_Isabelle,power_active_kw,ridge_regression,3.1411,73.76,110.53,-33.27,1.0442
Lamb_education_Junior,power_active_kw,ridge_regression,15.6118,56.56,97.81,-42.17,7.5162
Lamb_education_Lawrence,power_active_kw,ridge_regression,3.1566,82.6,133.23,-38.0,1.1612
Lamb_education_Lucas,power_active_kw,ridge_regression,1.4187,86.48,116.07,-25.49,0.4209
Lamb_education_Luz,power_active_kw,ridge_regression,21.5979,44.93,80.13,-43.93,12.2458
Lamb_education_Mae,power_active_kw,ridge_regression,15.4081,54.94,94.64,-41.95,7.9142
Lamb_education_Manuel,power_active_kw,ridge_regression,1.5034,57.36,103.03,-44.33,0.5826
Lamb_education_Marc,power_active_kw,ridge_regression,4.7913,130.49,130.65,-0.12,1.7985
Lamb_education_Maritza,power_active_kw,ridge_regression,1.619,43.87,61.41,-28.56,0.7768
Lamb_education_Maxwell,power_active_kw,ridge_regression,1.6886,86.57,99.3,-12.81,0.5673
Lamb_education_Mckenzie,power_active_kw,ridge_regression,13.7393,55.82,89.22,-37.44,7.1856
Lamb_education_Moses,power_active_kw,ridge_regression,2.4278,54.14,72.01,-24.81,1.1771
Lamb_education_Norris,power_active_kw,ridge_regression,2.1862,56.61,76.11,-25.62,1.2685
Lamb_education_Philomena,power_active_kw,ridge_regression,15.1935,51.8,87.76,-40.98,6.7613
Lamb_education_Princess,power_active_kw,ridge_regression,1.9542,70.91,110.4,-35.77,0.7972
Lamb_education_Randal,power_active_kw,ridge_regression,2.953,51.33,66.13,-22.38,1.5423
Lamb_education_Rick,power_active_kw,ridge_regression,2.2151,108.51,144.76,-25.04,0.5927
Lamb_education_Robin,power_active_kw,ridge_regression,11.3328,57.5,94.05,-38.86,5.4979
Lamb_education_Rodrigo,power_active_kw,ridge_regression,10.7659,48.49,85.23,-43.11,5.5591
Lamb_education_Sabrina,power_active_kw,ridge_regression,1.4682,65.18,88.18,-26.08,0.6404
Lamb_education_Sara,power_active_kw,ridge_regression,12.1589,72.14,115.4,-37.49,4.9834
Lamb_education_Stefan,power_active_kw,ridge_regression,2.6159,99.81,138.71,-28.04,0.9
Lamb_education_Sunny,power_active_kw,ridge_regression,3.0077,56.75,70.99,-20.06,1.619
Lamb_education_Sylvester,power_active_kw,ridge_regression,1.3056,60.79,82.56,-26.37,0.5661
Lamb_education_Terina,power_active_kw,ridge_regression,22.0642,45.92,88.23,-47.95,10.8
Lamb_education_Traci,power_active_kw,ridge_regression,1.3541,75.65,100.04,-24.38,0.6685
Lamb_education_Vaughn,power_active_kw,ridge_regression,1.2347,58.0,70.39,-17.61,0.7535
Lamb_education_Willetta,power_active_kw,seasonal_naive_168h,0.1936,880.24,880.24,0.0,0.1646
Lamb_education_Williams,power_active_kw,ridge_regression,9.1375,66.58,114.4,-41.8,3.7469
Lamb_office_Bertha,power_active_kw,seasonal_naive_168h,4.713,11.16,11.16,165.61,7.4256
Lamb_office_Caitlin,power_active_kw,seasonal_naive_168h,8.9947,27.0,27.0,43.41,6.0115
Lamb_office_Gerardo,power_active_kw,ridge_regression,2.6248,87.46,121.11,-27.79,0.7896
Lamb_office_Kerry,power_active_kw,ridge_regression,0.2183,117.75,135.57,-13.15,0.1118
Lamb_office_Maggie,power_active_kw,ridge_regression,1.015,96.1,138.98,-30.85,0.3796
Lamb_office_Peggy,power_active_kw,ridge_regression,0.0838,31.12,64.35,-51.64,0.0681
Lamb_office_Raymond,power_active_kw,ridge_regression,1.6397,80.92,115.7,-30.06,0.6007
Lamb_office_Vasiliki,power_active_kw,seasonal_naive_168h,24.8391,13.87,13.87,73.25,22.8447
Lamb_office_Velma,power_active_kw,seasonal_naive_168h,15.1863,19.16,19.16,3.35,10.7772
Moose_education_Abbie,cooling_kw,seasonal_naive_168h,186.974,72.06,72.06,21.13,136.682
Moose_education_Abbie,power_active_kw,seasonal_naive_168h,166.2166,8.72,8.72,3.41,215.8592
Moose_education_Clark,cooling_kw,ridge_regression,214.1785,497.45,732.54,-32.09,182.0517
Moose_education_Clark,power_active_kw,seasonal_naive_168h,228.2994,12.63,12.63,1.66,170.4875
Moose_education_Dennis,cooling_kw,ridge_regression,23.6439,57.7,61.58,-6.29,21.2069
Moose_education_Diane,cooling_kw,ridge_regression,100.4349,438.21,600.26,-27.0,48.0656
Moose_education_Diane,power_active_kw,seasonal_naive_168h,129.8883,3.98,3.98,18.35,127.6598
Moose_education_Florence,cooling_kw,seasonal_naive_168h,103.4881,66.79,66.79,9.71,252.8533
Moose_education_Florence,power_active_kw,ridge_regression,118.6211,15.76,17.07,-7.64,71.1355
Moose_education_Gladys,cooling_kw,ridge_regression,106.2647,624.8,837.57,-25.4,90.325
Moose_education_Gladys,power_active_kw,seasonal_naive_168h,230.6487,10.64,10.64,0.44,188.9825
Moose_education_Leland,cooling_kw,ridge_regression,204.105,666.75,883.81,-24.56,173.4892
Moose_education_Leland,power_active_kw,seasonal_naive_168h,121.063,6.92,6.92,168.48,493.8409
Moose_education_Lori,cooling_kw,ridge_regression,19.4387,653.62,1872.1,-65.09,16.5229
Moose_education_Lori,power_active_kw,ridge_regression,32.4486,5.24,10.17,-48.43,25.4326
Moose_education_Maria,power_active_kw,seasonal_naive_168h,73.8895,2.79,2.79,125.96,166.6806
Moose_education_Marina,cooling_kw,ridge_regression,9.1241,676.62,863.89,-21.68,7.7555
Moose_education_Marina,power_active_kw,ridge_regression,16.0695,13.26,15.5,-14.43,12.8962
Moose_education_Marlon,cooling_kw,seasonal_naive_168h,9.9937,107.31,107.31,8.97,12.98
Moose_education_Marlon,power_active_kw,seasonal_naive_168h,68.0079,16.38,16.38,8.56,68.2902
Moose_education_Omar,cooling_kw,ridge_regression,157.7405,21.38,39.72,-46.17,108.8715
Moose_education_Rene,cooling_kw,ridge_regression,382.0998,99.34,99.37,-0.03,323.9816
Moose_education_Rene,power_active_kw,ridge_regression,194.3314,22.03,23.15,-4.84,81.8468
Moose_education_Ricardo,cooling_kw,ridge_regression,90.552,27.99,32.44,-13.73,66.3063
Moose_education_Ricardo,power_active_kw,ridge_regression,55.1509,5.91,7.39,-19.95,43.771
Moose_education_Sasha,cooling_kw,ridge_regression,44.4466,59.8,66.22,-9.7,39.5728
Panther_education_Alecia,power_active_kw,ridge_regression,17.7126,13.75,21.98,-37.43,11.0691
Panther_education_Annetta,cooling_kw,ridge_regression,155.0997,38.59,77.67,-50.31,87.5311
Panther_education_Annetta,power_active_kw,ridge_regression,11.7272,16.29,23.42,-30.45,7.4582
Panther_education_Aurora,cooling_kw,ridge_regression,591.8071,50.29,73.53,-31.6,391.1941
Panther_education_Aurora,power_active_kw,ridge_regression,14.7639,20.83,24.23,-14.03,8.1336
Panther_education_Cleopatra,cooling_kw,ridge_regression,134.1721,38.28,53.83,-28.89,111.2252
Panther_education_Cleopatra,power_active_kw,ridge_regression,6.179,24.09,29.42,-18.11,4.8167
Panther_education_Diann,power_active_kw,ridge_regression,11.8551,24.23,37.88,-36.03,6.5258
Panther_education_Edna,power_active_kw,seasonal_naive_168h,10.9735,14.73,14.73,13.02,12.2806
Panther_education_Emily,cooling_kw,ridge_regression,308.7001,23.15,44.7,-48.21,222.4146
Panther_education_Emily,power_active_kw,ridge_regression,14.7722,16.28,30.21,-46.11,8.8939
Panther_education_Enriqueta,cooling_kw,ridge_regression,204.4937,31.11,57.52,-45.91,122.3712
Panther_education_Enriqueta,power_active_kw,ridge_regression,12.7534,19.12,33.37,-42.7,6.9678
Panther_education_Genevieve,power_active_kw,ridge_regression,16.2431,8.88,11.92,-25.47,11.8903
Panther_education_Gina,power_active_kw,ridge_regression,9.9447,3.94,4.01,-1.9,7.4196
Panther_education_Hugh,power_active_kw,ridge_regression,20.1732,4.19,5.9,-28.89,15.7773
Panther_education_Ivan,cooling_kw,ridge_regression,404.4602,31.73,70.75,-55.15,298.0289
Panther_education_Ivan,power_active_kw,ridge_regression,10.9047,12.45,20.23,-38.47,6.6163
Panther_education_Janis,power_active_kw,ridge_regression,5.5436,56.76,79.22,-28.36,3.8699
Panther_education_Jerome,cooling_kw,ridge_regression,1230.2219,27.38,65.31,-58.08,990.3351
Panther_education_Jerome,power_active_kw,ridge_regression,12.6174,3.43,4.11,-16.51,10.0343
Panther_education_Jonathan,power_active_kw,ridge_regression,0.9093,21.51,48.62,-55.77,0.5893
Panther_education_Karri,power_active_kw,ridge_regression,20.242,7.28,7.29,-0.17,16.0523
Panther_education_Mattie,power_active_kw,ridge_regression,1.8306,39.15,61.81,-36.66,1.3664
Panther_education_Misty,power_active_kw,ridge_regression,4.2656,20.11,38.36,-47.59,3.3104
Panther_education_Mohammad,power_active_kw,ridge_regression,13.1346,13.41,16.83,-20.29,9.0554
Panther_education_Neal,cooling_kw,ridge_regression,332.9263,24.56,47.8,-48.62,227.363
Panther_education_Neal,power_active_kw,ridge_regression,56.3165,28.22,31.94,-11.62,42.8134
Panther_education_Quintin,cooling_kw,ridge_regression,749.3054,32.54,59.02,-44.87,463.7309
Panther_education_Quintin,power_active_kw,ridge_regression,24.0852,12.42,24.03,-48.32,14.6843
Panther_education_Rosalie,power_active_kw,ridge_regression,6.2322,12.82,19.2,-33.24,4.905
Panther_education_Scarlett,power_active_kw,ridge_regression,3.3413,23.2,35.01,-33.73,2.1673
Panther_education_Shelton,power_active_kw,ridge_regression,9.2215,11.52,20.97,-45.06,5.3456
Panther_education_Sophia,power_active_kw,ridge_regression,5.4485,4.94,4.98,-0.9,4.6408
Panther_education_Teofila,cooling_kw,ridge_regression,425.4952,30.28,54.42,-44.37,310.0303
Panther_education_Teofila,power_active_kw,ridge_regression,15.9315,14.62,25.44,-42.51,9.7885
Panther_education_Tina,power_active_kw,ridge_regression,1.5179,41.33,74.22,-44.32,1.1875
Panther_education_Vincent,cooling_kw,ridge_regression,541.5124,36.61,69.87,-47.6,326.1743
Panther_education_Vincent,power_active_kw,ridge_regression,14.1011,17.79,21.84,-18.52,7.2547
Panther_education_Violet,power_active_kw,ridge_regression,7.1891,7.07,10.44,-32.3,5.6267
Panther_education_Zelda,cooling_kw,ridge_regression,164.7844,50.98,81.1,-37.14,103.3515
Panther_education_Zelda,power_active_kw,ridge_regression,8.2085,16.58,25.49,-34.96,4.4747
Panther_office_Antonette,power_active_kw,ridge_regression,2.9008,9.14,13.31,-31.34,2.3009
Panther_office_Brent,cooling_kw,ridge_regression,35.3993,39.16,69.65,-43.77,21.0444
Panther_office_Brent,power_active_kw,ridge_regression,4.439,42.05,60.11,-30.04,2.9488
Panther_office_Catherine,power_active_kw,ridge_regression,5.9923,18.27,30.44,-39.98,4.5205
Panther_office_Christian,cooling_kw,ridge_regression,117.8039,33.51,57.12,-41.33,88.9893
Panther_office_Christian,power_active_kw,ridge_regression,6.4211,22.17,27.5,-19.37,4.6738
Panther_office_Christin,power_active_kw,seasonal_naive_168h,0.0326,11.88,11.88,237.78,0.1183
Panther_office_Clementine,power_active_kw,ridge_regression,4.3922,12.6,17.03,-25.99,3.1529
Panther_office_Danica,power_active_kw,ridge_regression,1.1009,39.37,53.12,-25.9,0.6533
Panther_office_Garth,cooling_kw,ridge_regression,257.9937,52.13,85.39,-38.95,178.6454
Panther_office_Garth,power_active_kw,ridge_regression,5.2946,13.59,17.94,-24.25,3.7253
Panther_office_Graham,cooling_kw,ridge_regression,290.6508,42.76,95.04,-55.01,193.8491
Panther_office_Graham,power_active_kw,ridge_regression,6.0267,14.32,18.56,-22.83,2.9868
Panther_office_Hannah,power_active_kw,ridge_regression,1.5009,49.5,57.14,-13.38,0.9107
Panther_office_Jeane,power_active_kw,ridge_regression,3.7987,29.19,34.7,-15.88,2.6981
Panther_office_Jesus,power_active_kw,ridge_regression,12.2328,25.38,29.42,-13.75,6.9416
Panther_office_Karla,cooling_kw,ridge_regression,171.8108,73.35,73.99,-0.87,93.3113
Panther_office_Karla,power_active_kw,ridge_regression,8.395,37.23,47.02,-20.81,6.2936
Panther_office_Kristen,power_active_kw,ridge_regression,9.2804,16.94,25.62,-33.88,8.7132
Panther_office_Larry,power_active_kw,ridge_regression,5.2977,16.17,17.19,-5.92,3.5585
Panther_office_Lauretta,power_active_kw,ridge_regression,8.5234,6.63,15.06,-55.97,7.4459
Panther_office_Lavinia,cooling_kw,ridge_regression,20.2895,18.4,28.86,-36.23,16.6206
Panther_office_Lavinia,power_active_kw,ridge_regression,1.9951,11.86,22.63,-47.58,1.3389
Panther_office_Lois,power_active_kw,ridge_regression,5.9909,14.59,19.07,-23.5,3.7316
Panther_office_Otto,power_active_kw,ridge_regression,13.1337,8.66,11.55,-24.98,8.518
Panther_office_Patti,power_active_kw,ridge_regression,25.3769,7.17,11.58,-38.14,20.243
Panther_office_Ruthie,power_active_kw,ridge_regression,7.6269,7.94,11.57,-31.37,5.5842
Panther_office_Shauna,power_active_kw,ridge_regression,13.8446,20.48,25.75,-20.47,8.0467
Panther_office_Taryn,power_active_kw,ridge_regression,7.9778,16.4,18.15,-9.63,4.6815
Panther_office_Valarie,power_active_kw,ridge_regression,4.8908,18.57,35.36,-47.47,3.5536
Peacock_education_Anita,cooling_kw,ridge_regression,12.3662,165.29,285.58,-42.12,3.9434
Peacock_education_Anita,power_active_kw,ridge_regression,1.9865,28.47,28.87,-1.38,1.6839
Peacock_education_Dustin,cooling_kw,ridge_regression,25.0371,278.3,467.85,-40.52,0.9917
Peacock_education_Dustin,power_active_kw,ridge_regression,3.9969,15.45,20.53,-24.75,2.4395
Peacock_education_Forest,cooling_kw,ridge_regression,33.8607,129.88,226.79,-42.73,11.1404
Peacock_education_Forest,power_active_kw,ridge_regression,7.3093,11.01,17.76,-38.01,5.3243
Peacock_education_Gilberto,power_active_kw,ridge_regression,41.6039,5.06,6.36,-20.5,34.6967
Peacock_education_Joshua,power_active_kw,ridge_regression,13.2807,3.55,4.21,-15.71,11.5148
Peacock_education_Karyn,power_active_kw,ridge_regression,11.075,3.02,3.81,-20.63,9.3484
Peacock_education_Lucie,cooling_kw,ridge_regression,280.4812,31.39,54.22,-42.11,214.7818
Peacock_education_Lyle,power_active_kw,ridge_regression,55.4257,13.33,14.88,-10.41,37.9138
Peacock_education_Ophelia,cooling_kw,ridge_regression,93.65,56.11,83.59,-32.87,49.3013
Peacock_education_Ophelia,power_active_kw,ridge_regression,15.4021,3.02,3.97,-23.97,11.5683
Peacock_education_Pasquale,cooling_kw,ridge_regression,53.0093,126.76,243.95,-48.04,2.4283
Peacock_education_Pasquale,power_active_kw,ridge_regression,7.3969,5.42,6.87,-21.03,5.4478
Peacock_education_Patience,cooling_kw,ridge_regression,2.4782,336.17,518.76,-35.2,2.1065
Peacock_education_Patience,power_active_kw,ridge_regression,3.4451,21.17,21.23,-0.26,2.6049
Peacock_education_Robbie,power_active_kw,ridge_regression,6.6803,24.52,39.49,-37.92,5.24
Peacock_education_Shelly,power_active_kw,ridge_regression,3.4644,4.07,5.54,-26.55,2.5974
Peacock_education_Yolanda,cooling_kw,ridge_regression,30.5791,165.2,321.17,-48.56,0.6259
Peacock_education_Yolanda,power_active_kw,ridge_regression,2.427,10.36,11.48,-9.74,1.783
Peacock_office_Annie,power_active_kw,ridge_regression,10.2588,20.87,24.24,-13.93,6.9424
Peacock_office_Burl,power_active_kw,ridge_regression,4.1521,9.99,14.44,-30.8,3.3141
Peacock_office_Dara,power_active_kw,ridge_regression,21.8148,15.95,19.55,-18.39,17.5759
Peacock_office_Effie,cooling_kw,ridge_regression,22.7595,84.88,127.22,-33.28,13.8363
Peacock_office_Effie,power_active_kw,ridge_regression,10.3855,16.27,23.01,-29.31,7.8562
Peacock_office_Elton,power_active_kw,ridge_regression,10.8618,10.64,14.8,-28.12,7.6046
Peacock_office_Jonathon,cooling_kw,ridge_regression,1.6383,190.85,314.6,-39.34,0.1286
Peacock_office_Julian,cooling_kw,ridge_regression,7.6407,246.2,299.34,-17.75,2.4955
Peacock_office_Julian,power_active_kw,ridge_regression,4.0335,24.77,33.08,-25.12,3.0511
Peacock_office_Major,cooling_kw,ridge_regression,31.1032,45.83,57.68,-20.54,20.0679
Peacock_office_Major,power_active_kw,ridge_regression,7.741,5.42,7.07,-23.31,6.0587
Peacock_office_Norman,cooling_kw,ridge_regression,9.8123,84.2,136.0,-38.09,6.2667
Peacock_office_Norman,power_active_kw,ridge_regression,4.6421,17.13,25.45,-32.69,3.4175
Rat_education_Adell,power_active_kw,ridge_regression,20.5012,20.79,22.43,-7.31,13.7063
Rat_education_Adrian,power_active_kw,ridge_regression,9.0545,23.36,29.32,-20.33,6.3747
Rat_education_Alfonso,power_active_kw,ridge_regression,25.816,18.88,19.18,-1.54,21.9363
Rat_education_Alfred,power_active_kw,seasonal_naive_168h,20.4769,16.52,16.52,13.48,20.9284
Rat_education_Barbara,power_active_kw,ridge_regression,0.0745,9.83,12.09,-18.75,0.0341
Rat_education_Barney,power_active_kw,ridge_regression,4.7848,20.51,34.83,-41.11,3.612
Rat_education_Beverly,power_active_kw,seasonal_naive_168h,70.2515,25.72,25.72,38.9,105.6239
Rat_education_Brett,power_active_kw,ridge_regression,14.5995,53.68,122.51,-56.18,11.8743
Rat_education_Bryant,power_active_kw,ridge_regression,4.9843,14.02,16.13,-13.08,3.5568
Rat_education_Calvin,power_active_kw,ridge_regression,3.9593,13.63,21.24,-35.83,2.6146
Rat_education_Candida,power_active_kw,ridge_regression,19.5727,16.41,27.45,-40.23,15.6675
Rat_education_Carmela,power_active_kw,ridge_regression,10.1674,16.47,18.18,-9.42,7.7268
Rat_education_Cecil,power_active_kw,ridge_regression,5.4602,16.04,20.26,-20.81,4.0782
Rat_education_Cedric,power_active_kw,ridge_regression,11.0543,18.44,21.05,-12.38,9.1794
Rat_education_Cinthia,power_active_kw,ridge_regression,1.2509,41.11,52.77,-22.09,0.6134
Rat_education_Colin,power_active_kw,seasonal_naive_168h,3.957,53.84,53.84,48.11,6.0451
Rat_education_Conrad,power_active_kw,ridge_regression,46.8039,57.96,72.94,-20.53,38.9279
Rat_education_Dana,power_active_kw,ridge_regression,11.4203,20.11,23.13,-13.07,7.906
Rat_education_Dann,power_active_kw,ridge_regression,12.0622,9.44,12.54,-24.67,10.1687
Rat_education_Davis,power_active_kw,seasonal_naive_168h,3.5111,11.0,11.0,13.2,3.7335
Rat_education_Deanna,power_active_kw,ridge_regression,8.4805,14.3,16.84,-15.04,7.0526
Rat_education_Debra,power_active_kw,seasonal_naive_168h,8.1911,14.1,14.1,12.91,8.5246
Rat_education_Dianne,power_active_kw,seasonal_naive_168h,0.7459,2.8,2.8,103.02,4.2097
Rat_education_Dreama,power_active_kw,ridge_regression,4.9944,10.51,12.03,-12.65,3.7751
Rat_education_Earl,power_active_kw,ridge_regression,16.7554,17.28,23.13,-25.3,11.9217
Rat_education_Earnest,power_active_kw,ridge_regression,5.9252,17.33,22.41,-22.69,3.83
Rat_education_Edmund,power_active_kw,ridge_regression,15.7511,67.24,82.23,-18.23,7.7784
Rat_education_Elisa,power_active_kw,ridge_regression,6.2952,27.71,33.61,-17.56,3.8
Rat_education_Elsie,power_active_kw,ridge_regression,2.815,31.41,43.51,-27.81,2.2109
Rat_education_Esther,power_active_kw,ridge_regression,13.7603,20.35,29.03,-29.89,10.4398
Rat_education_Everett,power_active_kw,ridge_regression,17.1234,14.21,16.88,-15.8,13.2933
Rat_education_Fernando,power_active_kw,ridge_regression,7.6871,19.02,23.07,-17.57,5.6236
Rat_education_Francisca,power_active_kw,ridge_regression,8.9885,19.04,25.52,-25.39,6.9447
Rat_education_Gricelda,power_active_kw,ridge_regression,6.2407,29.0,37.34,-22.35,5.1021
Rat_education_Guillermo,power_active_kw,ridge_regression,12.1442,15.92,22.17,-28.21,9.2985
Rat_education_Humberto,power_active_kw,ridge_regression,23.4064,66.51,121.39,-45.21,20.1843
Rat_education_Imelda,power_active_kw,ridge_regression,0.0609,2.95,3.89,-24.12,0.05
Rat_education_Irma,power_active_kw,ridge_regression,8.1013,17.01,20.71,-17.89,5.9199
Rat_education_Jacob,power_active_kw,ridge_regression,5.373,13.48,24.86,-45.75,4.4442
Rat_education_Jame,power_active_kw,ridge_regression,7.6512,15.2,23.22,-34.56,6.2126
Rat_education_Jeanne,power_active_kw,ridge_regression,5.6892,15.46,18.32,-15.57,4.0852
Rat_education_Jena,power_active_kw,ridge_regression,15.7608,13.48,14.28,-5.6,12.6987
Rat_education_Jesse,power_active_kw,seasonal_naive_168h,0.5171,6.42,6.42,201.76,2.1162
Rat_education_Kandice,power_active_kw,ridge_regression,20.6424,45.69,78.22,-41.58,14.2089
Rat_education_Kathryn,power_active_kw,ridge_regression,41.6127,11.39,13.1,-13.07,29.3266
Rat_education_Keith,power_active_kw,ridge_regression,12.9709,15.28,21.84,-30.03,10.2935
Rat_education_Kelsey,power_active_kw,ridge_regression,17.0143,22.43,29.03,-22.75,12.083
Rat_education_Lee,power_active_kw,ridge_regression,41.8253,14.78,19.92,-25.8,31.3195
Rat_education_Leonardo,power_active_kw,ridge_regression,14.2767,23.54,33.15,-28.98,10.8972
Rat_education_Lincoln,power_active_kw,ridge_regression,16.5515,15.44,19.53,-20.94,13.3935
Rat_education_Liz,power_active_kw,ridge_regression,19.1358,22.7,25.02,-9.28,15.2165
Rat_education_Lonnie,power_active_kw,ridge_regression,9.4108,26.18,28.1,-6.81,7.5435
Rat_education_Lynn,power_active_kw,ridge_regression,12.673,16.01,23.86,-32.89,9.9105
Rat_education_Marcos,power_active_kw,ridge_regression,17.9418,11.45,18.5,-38.1,13.9035
Rat_education_Marianna,power_active_kw,ridge_regression,10.656,21.69,27.02,-19.73,8.0796
Rat_education_Maricela,power_active_kw,ridge_regression,12.6766,14.29,21.94,-34.88,10.8406
Rat_education_Marvin,power_active_kw,ridge_regression,9.3957,27.82,36.43,-23.63,6.2141
Rat_education_Mavis,power_active_kw,ridge_regression,57.9055,118.2,179.31,-34.08,58.5543
Rat_education_Meghan,power_active_kw,ridge_regression,6.9353,22.72,26.12,-13.03,5.2968
Rat_education_Milagros,power_active_kw,ridge_regression,11.2327,18.41,22.66,-18.75,8.4888
Rat_education_Mona,power_active_kw,ridge_regression,7.919,15.05,15.8,-4.72,5.9786
Rat_education_Morton,power_active_kw,ridge_regression,13.8043,15.2,19.62,-22.54,11.2915
Rat_education_Mose,power_active_kw,ridge_regression,7.8432,24.76,26.91,-7.99,5.7293
Rat_education_Nellie,power_active_kw,ridge_regression,40.1749,16.02,19.04,-15.84,31.4365
Rat_education_Nona,power_active_kw,ridge_regression,10.9835,20.66,34.8,-40.63,7.604
Rat_education_Nydia,power_active_kw,ridge_regression,15.2556,13.51,18.11,-25.43,11.0026
Rat_education_Pat,power_active_kw,seasonal_naive_168h,0.602,2.12,2.12,277.96,3.4276
Rat_education_Patty,power_active_kw,ridge_regression,6.1735,20.44,22.94,-10.89,4.8096
Rat_education_Paula,power_active_kw,ridge_regression,15.0565,15.09,23.27,-35.17,12.264
Rat_education_Renee,power_active_kw,ridge_regression,2.597,19.66,24.0,-18.09,2.0624
Rat_education_Robyn,power_active_kw,ridge_regression,19.2101,18.03,28.44,-36.63,15.1336
Rat_education_Rogelio,power_active_kw,ridge_regression,13.0109,14.66,23.74,-38.28,8.5611
Rat_education_Rosalyn,power_active_kw,ridge_regression,8.2944,17.33,25.39,-31.77,6.6093
Rat_education_Royal,power_active_kw,ridge_regression,4.8985,11.69,14.07,-16.92,3.2911
Rat_education_Salvatore,power_active_kw,ridge_regression,6.9638,11.83,16.25,-27.16,5.1594
Rat_education_Shellie,power_active_kw,ridge_regression,6.7718,15.68,21.54,-27.21,5.0859
Rat_education_Sherwood,power_active_kw,ridge_regression,11.8682,17.92,21.34,-16.01,8.8911
Rat_education_Sina,power_active_kw,ridge_regression,16.8285,9.85,18.1,-45.59,13.6935
Rat_education_Stuart,power_active_kw,ridge_regression,6.3475,17.49,36.64,-52.27,4.7922
Rat_education_Tania,power_active_kw,ridge_regression,37.6293,24.62,32.86,-25.08,23.8644
Rat_education_Terese,power_active_kw,ridge_regression,11.5887,14.68,17.93,-18.14,8.3939
Rat_education_Theo,power_active_kw,seasonal_naive_168h,46.5397,22.95,22.95,31.97,64.7248
Rat_education_Tim,power_active_kw,ridge_regression,5.2127,15.12,20.1,-24.78,3.9383
Rat_education_Ulrike,power_active_kw,ridge_regression,12.3807,15.05,21.16,-28.87,9.8737
Rat_education_Verna,power_active_kw,ridge_regression,9.1933,17.13,20.95,-18.24,6.9388
Rat_education_Vicky,power_active_kw,ridge_regression,28.5398,20.93,22.8,-8.22,19.6584
Rat_education_Willie,power_active_kw,ridge_regression,29.452,23.41,28.04,-16.52,22.3224
Rat_education_Wilmer,power_active_kw,ridge_regression,13.3015,17.94,31.04,-42.19,10.5267
Rat_education_Winnie,power_active_kw,ridge_regression,12.6748,22.07,31.42,-29.78,8.4638
Rat_education_Yu,power_active_kw,ridge_regression,10.1652,15.21,21.92,-30.61,7.9924
Rat_education_Zina,power_active_kw,ridge_regression,7.6335,24.26,24.92,-2.66,6.3637
Rat_education_Zoe,power_active_kw,ridge_regression,12.8522,16.96,23.92,-29.07,10.5932
Rat_office_Adele,power_active_kw,ridge_regression,70.3909,20.6,26.17,-21.25,45.589
Rat_office_Annis,power_active_kw,seasonal_naive_168h,2.3407,11.98,11.98,19.74,2.1761
Rat_office_Arron,power_active_kw,ridge_regression,5.3232,14.01,15.53,-9.82,4.1024
Rat_office_Avis,power_active_kw,ridge_regression,138.2471,26.42,52.26,-49.45,86.1867
Rat_office_Chris,power_active_kw,ridge_regression,49.205,8.5,12.83,-33.77,31.6719
Rat_office_Colby,power_active_kw,ridge_regression,194.2716,18.25,22.47,-18.78,103.6986
Rat_office_Craig,power_active_kw,ridge_regression,10.3375,6.85,8.37,-18.22,8.3654
Rat_office_Jacinta,power_active_kw,ridge_regression,14.2659,10.06,17.78,-43.43,9.5499
Rat_office_Jamal,power_active_kw,seasonal_naive_168h,78.1067,29.16,29.16,53.38,174.5275
Rat_office_Jeannie,power_active_kw,ridge_regression,6.7511,27.02,29.22,-7.5,5.4251
Rat_office_Jessica,power_active_kw,ridge_regression,57.6323,12.26,15.89,-22.85,44.2118
Rat_office_Jill,power_active_kw,ridge_regression,251.3045,85.21,91.38,-6.75,177.2473
Rat_office_Kasey,power_active_kw,ridge_regression,16.4649,27.14,31.41,-13.58,12.2381
Rat_office_Lora,power_active_kw,ridge_regression,79.8583,29.49,34.17,-13.72,51.1733
Rat_office_Loyd,power_active_kw,ridge_regression,6.232,18.12,22.81,-20.58,4.5306
Rat_office_Mei,power_active_kw,ridge_regression,2.0108,16.65,21.92,-24.06,1.613
Rat_office_Olivia,power_active_kw,ridge_regression,8.6654,21.56,23.47,-8.15,6.6278
Rat_office_Ramiro,power_active_kw,ridge_regression,1.108,4.09,4.64,-11.73,0.9421
Rat_office_Randy,power_active_kw,ridge_regression,10.2823,18.9,20.32,-7.01,7.1014
Rat_office_Ronald,power_active_kw,ridge_regression,8.9103,23.38,32.41,-27.84,6.9151
Rat_office_Rosemary,power_active_kw,ridge_regression,2.5979,20.51,23.49,-12.67,2.204
Rat_office_Sammy,power_active_kw,ridge_regression,7.5154,17.73,30.07,-41.04,6.3161
Rat_office_Tracy,power_active_kw,ridge_regression,1.6235,12.68,14.7,-13.72,1.3531
Robin_education_Audrea,power_active_kw,ridge_regression,30.556,18.06,26.46,-31.74,29.1578
Robin_education_Billi,power_active_kw,seasonal_naive_168h,5.0177,20.56,20.56,15.31,3.4975
Robin_education_Cecilia,power_active_kw,ridge_regression,10.7849,22.26,22.51,-1.14,9.9877
Robin_education_Della,power_active_kw,ridge_regression,1.572,35.46,44.52,-20.34,1.2441
Robin_education_Derick,power_active_kw,ridge_regression,33.0841,8.62,11.03,-21.87,24.8599
Robin_education_Derrick,power_active_kw,ridge_regression,25.0961,9.2,10.15,-9.34,17.7133
Robin_education_Jasper,power_active_kw,ridge_regression,8.5889,6.76,9.54,-29.21,6.6784
Robin_education_Julius,power_active_kw,ridge_regression,33.7715,11.8,12.08,-2.33,27.6111
Robin_education_Karyl,power_active_kw,ridge_regression,11.3766,15.17,16.63,-8.79,9.9443
Robin_education_Kiera,power_active_kw,ridge_regression,11.456,19.08,20.39,-6.4,7.5123
Robin_education_Kristopher,power_active_kw,ridge_regression,10.4864,11.02,13.98,-21.17,7.7496
Robin_education_Lashandra,power_active_kw,ridge_regression,10.5853,14.55,19.96,-27.11,8.2528
Robin_education_Leslie,power_active_kw,ridge_regression,52.4609,9.02,10.9,-17.29,31.3204
Robin_education_Lizbeth,power_active_kw,ridge_regression,8.6679,10.04,11.33,-11.42,6.8731
Robin_education_Madeline,power_active_kw,ridge_regression,14.8844,6.76,7.47,-9.56,8.7598
Robin_education_Margarito,power_active_kw,ridge_regression,24.7106,7.05,8.99,-21.59,19.9199
Robin_education_Megan,power_active_kw,ridge_regression,17.0293,8.91,10.61,-16.03,12.8269
Robin_education_Mercedes,power_active_kw,ridge_regression,25.199,13.65,20.39,-33.04,20.8724
Robin_education_So,power_active_kw,ridge_regression,22.6517,7.24,7.47,-3.04,12.4701
Robin_education_Takako,power_active_kw,seasonal_naive_168h,4.9048,19.6,19.6,77.69,9.9089
Robin_education_Terrance,power_active_kw,ridge_regression,15.2416,7.84,8.59,-8.82,12.0863
Robin_education_Zenia,power_active_kw,seasonal_naive_168h,9.4307,7.17,7.17,2.26,7.8303
Robin_office_Addie,power_active_kw,ridge_regression,2.9028,21.75,23.03,-5.57,2.1423
Robin_office_Adolph,power_active_kw,ridge_regression,2.9349,16.39,18.46,-11.21,2.3082
Robin_office_Antonina,power_active_kw,ridge_regression,19.8614,8.04,8.22,-2.19,12.9546
Robin_office_Dina,power_active_kw,ridge_regression,3.6675,16.56,17.85,-7.23,2.5443
Robin_office_Donald,power_active_kw,ridge_regression,17.6417,13.38,17.04,-21.46,14.2782
Robin_office_Gayle,power_active_kw,ridge_regression,8.7209,20.84,22.94,-9.15,5.8154
Robin_office_Lindsay,power_active_kw,ridge_regression,5.2009,12.21,14.18,-13.88,3.5218
Robin_office_Maryann,power_active_kw,ridge_regression,16.4418,10.28,10.32,-0.38,13.0899
Robin_office_Sammie,power_active_kw,ridge_regression,7.4878,12.63,15.86,-20.4,5.9671
Robin_office_Saul,power_active_kw,ridge_regression,4.4377,15.27,26.03,-41.35,3.2048
Robin_office_Serena,power_active_kw,ridge_regression,8.3072,18.63,20.31,-8.3,7.1766
Robin_office_Shirlene,power_active_kw,ridge_regression,4.5044,19.97,22.62,-11.7,3.0582
Robin_office_Soledad,power_active_kw,ridge_regression,2.717,23.89,29.89,-20.06,2.0907
Robin_office_Victor,power_active_kw,ridge_regression,7.1123,18.65,18.74,-0.48,4.3184
Robin_office_Wai,power_active_kw,seasonal_naive_168h,2.3377,8.87,8.87,60.54,9.0369
Robin_office_Zelma,power_active_kw,ridge_regression,8.1346,14.49,15.52,-6.64,4.4442
Wolf_education_Anisa,power_active_kw,ridge_regression,87.0502,49.03,69.99,-29.95,65.137
Wolf_education_Arnulfo,power_active_kw,ridge_regression,9.1021,34.23,48.53,-29.47,5.6944
Wolf_education_Bobby,power_active_kw,ridge_regression,26.414,35.03,48.12,-27.19,16.9454
Wolf_education_Cheryl,power_active_kw,ridge_regression,28.872,33.27,46.35,-28.23,16.1388
Wolf_education_Clarissa,power_active_kw,ridge_regression,7.8027,21.14,28.21,-25.05,5.1518
Wolf_education_Cody,power_active_kw,ridge_regression,15.5265,87.98,121.57,-27.63,8.589
Wolf_education_Dolores,power_active_kw,ridge_regression,9.2565,36.48,51.32,-28.91,5.5993
Wolf_education_Dorris,power_active_kw,ridge_regression,35.7708,14.66,17.67,-17.02,27.2517
Wolf_education_Eulalia,power_active_kw,ridge_regression,19.1002,39.48,51.35,-23.13,13.2912
Wolf_education_Joaquin,power_active_kw,ridge_regression,5.3029,9.79,13.85,-29.32,3.9631
Wolf_education_Josefa,power_active_kw,ridge_regression,2.366,43.17,60.18,-28.26,1.3053
Wolf_education_Katie,power_active_kw,ridge_regression,4.9638,29.3,38.46,-23.82,3.1212
Wolf_education_Laurinda,power_active_kw,ridge_regression,45.2623,33.97,41.05,-17.25,29.4776
Wolf_education_Loren,power_active_kw,ridge_regression,35.1894,22.87,31.37,-27.09,22.8264
Wolf_education_Miguel,power_active_kw,ridge_regression,9.3635,39.95,53.23,-24.94,5.2771
Wolf_education_Roderick,power_active_kw,ridge_regression,1.5092,42.93,56.27,-23.71,1.3053
Wolf_education_Tammie,power_active_kw,ridge_regression,11.0654,19.65,23.01,-14.61,6.513
Wolf_education_Tori,power_active_kw,ridge_regression,59.7337,23.76,28.66,-17.12,39.2247
Wolf_education_Ursula,power_active_kw,ridge_regression,27.8551,31.65,38.3,-17.38,21.0281
Wolf_education_Vivian,power_active_kw,ridge_regression,17.5887,33.69,49.09,-31.38,10.905
Wolf_office_Bobbie,power_active_kw,ridge_regression,5.0813,28.82,38.95,-26.01,3.0626
Wolf_office_Cary,power_active_kw,ridge_regression,28.4077,17.55,23.1,-24.01,20.159
Wolf_office_Darleen,power_active_kw,ridge_regression,8.0279,29.38,38.09,-22.86,5.0534
Wolf_office_Elisabeth,power_active_kw,ridge_regression,6.136,6.43,9.35,-31.26,4.6528
Wolf_office_Emanuel,power_active_kw,ridge_regression,3.8126,35.47,49.41,-28.21,2.343
Wolf_office_Haydee,power_active_kw,ridge_regression,3.1653,51.76,74.95,-30.94,1.8757
Wolf_office_Joana,power_active_kw,ridge_regression,2.4071,23.35,34.43,-32.18,1.5929
Wolf_office_Nadia,power_active_kw,ridge_regression,9.1559,18.71,26.58,-29.59,5.0962
Wolf_office_Rochelle,power_active_kw,ridge_regression,4.7855,43.39,52.43,-17.23,2.9337
